date,Afghanistan,Angola,Albania,Andorra,United Arab Emirates,Argentina,Armenia,Antigua and Barbuda,Australia,Austria,Azerbaijan,Burundi,Belgium,Benin,Burkina Faso,Bangladesh,Bulgaria,Bahrain,"Bahamas, The",Bosnia and Herzegovina,Belarus,Belize,Bermuda,Bolivia,Brazil,Barbados,Brunei Darussalam,Bhutan,Botswana,Central African Republic,Canada,Switzerland,Chile,China,Cote d'Ivoire,Cameroon,"Congo, Dem. Rep.","Congo, Rep.",Colombia,Comoros,Cabo Verde,Costa Rica,Cyprus,Czech Republic,Germany,Dominica,Denmark,Dominican Republic,Algeria,East Asia & Pacific (excluding high income),Ecuador,"Egypt, Arab Rep.",Euro area,Spain,Estonia,Ethiopia,Fragile and conflict affected situations,Finland,Fiji,France,Gabon,United Kingdom,Georgia,Ghana,Guinea,"Gambia, The",Guinea-Bissau,Equatorial Guinea,Greece,Grenada,Guatemala,Guyana,"Hong Kong SAR, China",Honduras,Croatia,Haiti,Hungary,Indonesia,India,Ireland,"Iran, Islamic Rep.",Iraq,Iceland,Israel,Italy,Jamaica,Jordan,Japan,Kazakhstan,Kenya,Kyrgyz Republic,Cambodia,Kiribati,St. Kitts and Nevis,"Korea, Rep.",Kuwait,Lao PDR,Lebanon,Liberia,Libya,St. Lucia,Sri Lanka,Lesotho,Lithuania,Luxembourg,Latvia,"Macao SAR, China",Morocco,Moldova,Madagascar,Maldives,Mexico,North Macedonia,Mali,Malta,Myanmar,Montenegro,Mongolia,Mozambique,Mauritania,Mauritius,Malawi,Malaysia,Namibia,Niger,Nigeria,Nicaragua,Netherlands,Norway,Nepal,Nauru,New Zealand,Oman,Pakistan,Panama,Peru,Philippines,Palau,Papua New Guinea,Poland,Puerto Rico,Portugal,Paraguay,West Bank and Gaza,Qatar,Romania,Russian Federation,Rwanda,South Asia,Saudi Arabia,Sudan,Senegal,Singapore,Solomon Islands,Sierra Leone,El Salvador,Serbia,Sao Tome and Principe,Suriname,Slovak Republic,Slovenia,Sweden,Eswatini,Seychelles,Chad,Togo,Thailand,Tajikistan,Timor-Leste,Tonga,Trinidad and Tobago,Tunisia,Turkey,Tuvalu,Tanzania,Uganda,Ukraine,Uruguay,United States,Uzbekistan,St. Vincent and the Grenadines,Vietnam,Vanuatu,Samoa,Kosovo,"Yemen, Rep.",South Africa,Zambia,Zimbabwe
1960.0,0.0,0.0,0.0,0.0,0.0,116000.0,0.0,0.0,199000.0,91836.7,0.0,597.1,119000.0,1731.2,1297.8,17862.5,0.0,0.0,1942.5,0.0,0.0,99.4,1481.3,3676.7,247000.0,0.0,0.0,0.0,205.0,900.6,294000.0,0.0,29375.7,128000.0,4293.7,4955.7,15841.9,1592.5,37566.1,0.0,0.0,3874.0,0.0,0.0,0.0,0.0,94053.8,4360.9,27434.0,259000.0,10168.8,15409.8,2850000.0,225000.0,0.0,0.0,279000.0,53974.8,697.9,594000.0,2187.2,730000.0,0.0,7011.6,0.0,0.0,0.0,0.0,52154.9,0.0,6155.0,1466.7,0.0,2234.3,0.0,5845.6,0.0,60580.6,149000.0,0.0,65260.1,0.0,2054.6,18580.2,546000.0,0.0,0.0,796000.0,0.0,4364.2,0.0,0.0,0.0,0.0,23312.6,0.0,0.0,0.0,0.0,0.0,0.0,0.0,219.2,0.0,8504.1,0.0,0.0,0.0,0.0,4175.5,0.0,148000.0,0.0,0.0,0.0,3333.2,0.0,0.0,0.0,0.0,0.0,872.7,11043.5,0.0,2798.9,61407.2,2669.7,188000.0,82968.1,2687.6,0.0,0.0,0.0,13590.7,2423.9,27007.5,28897.3,0.0,2283.9,0.0,13751.2,39866.2,2597.7,0.0,0.0,0.0,0.0,1031.5,190000.0,0.0,8261.1,4366.6,5768.0,0.0,863.8,0.0,0.0,0.0,960.1,0.0,0.0,135000.0,0.0,118.0,2092.0,592.1,15639.9,0.0,0.0,0.0,3397.6,0.0,87220.3,0.0,0.0,0.0,0.0,13898.2,3170000.0,0.0,141.9,0.0,0.0,0.0,0.0,0.0,79071.0,4593.0,3756.7
1961.0,0.0,0.0,0.0,0.0,0.0,122000.0,0.0,0.0,204000.0,96922.6,0.0,515.0,125000.0,1785.5,1350.3,18944.7,0.0,0.0,2149.8,0.0,0.0,104.2,1550.6,3753.6,272000.0,0.0,0.0,0.0,218.0,945.2,303000.0,0.0,30916.5,93130.0,4720.2,5014.4,14122.8,1725.5,39478.0,0.0,0.0,3946.8,0.0,0.0,0.0,0.0,100000.0,4260.1,23701.5,230000.0,10689.9,16205.1,3030000.0,251000.0,0.0,0.0,282000.0,58079.4,722.5,624000.0,2510.2,750000.0,0.0,7252.1,0.0,0.0,0.0,0.0,59041.3,0.0,6419.6,1535.5,10710.2,2275.8,0.0,5674.3,0.0,64058.3,154000.0,0.0,72750.4,0.0,2052.8,20661.9,591000.0,0.0,0.0,892000.0,0.0,4024.9,0.0,0.0,0.0,0.0,24929.5,0.0,0.0,0.0,0.0,0.0,0.0,5924.5,223.3,0.0,8829.8,0.0,0.0,0.0,0.0,4261.0,0.0,155000.0,0.0,0.0,0.0,3348.9,0.0,0.0,0.0,1210.4,0.0,939.4,11882.5,0.0,2926.2,61525.0,2869.9,189000.0,88173.0,2738.9,0.0,0.0,0.0,14404.5,2688.8,28991.8,30520.3,0.0,2425.1,0.0,14719.5,42072.8,2776.9,0.0,0.0,0.0,0.0,987.2,198000.0,0.0,8263.0,4497.4,6237.4,0.0,879.4,0.0,0.0,0.0,1006.1,0.0,0.0,143000.0,0.0,112.2,2121.2,664.2,16478.5,0.0,0.0,0.0,3874.5,0.0,88228.7,0.0,0.0,0.0,0.0,14244.6,3250000.0,0.0,148.3,0.0,0.0,0.0,0.0,0.0,82111.0,4655.5,3993.9
1962.0,0.0,0.0,0.0,0.0,0.0,121000.0,0.0,0.0,207000.0,99489.8,0.0,561.7,132000.0,1724.4,1433.1,19977.7,0.0,0.0,2374.5,0.0,0.0,109.3,1619.9,3963.0,286000.0,0.0,0.0,0.0,232.5,910.1,326000.0,0.0,32161.4,87933.3,4778.1,5166.9,17117.0,1815.3,41614.5,0.0,0.0,4161.6,0.0,0.0,0.0,0.0,106000.0,4986.3,19035.9,230000.0,11215.7,16833.1,3230000.0,276000.0,0.0,0.0,303000.0,59811.3,748.6,666000.0,2697.2,758000.0,0.0,7550.1,0.0,0.0,0.0,0.0,59256.7,0.0,6646.6,1552.5,12240.8,2407.0,0.0,6121.8,0.0,65238.3,159000.0,0.0,78999.9,0.0,2223.5,22760.3,628000.0,0.0,0.0,972000.0,0.0,4405.6,0.0,0.0,0.0,0.0,25900.6,0.0,0.0,0.0,0.0,0.0,0.0,6150.7,257.5,0.0,8949.7,0.0,0.0,0.0,0.0,4357.8,0.0,162000.0,0.0,0.0,0.0,3485.8,0.0,0.0,0.0,1219.2,0.0,945.7,12645.5,0.0,3226.9,64049.4,3182.4,202000.0,90654.2,2791.2,0.0,0.0,0.0,15050.2,2910.5,31901.2,31977.1,0.0,2579.7,0.0,15944.7,44855.7,2868.6,0.0,0.0,0.0,0.0,1099.1,204000.0,0.0,8834.4,4491.2,6708.5,0.0,919.4,0.0,0.0,0.0,1045.4,0.0,0.0,149000.0,0.0,121.7,2234.9,689.3,17723.4,0.0,0.0,0.0,3980.8,0.0,93144.3,0.0,0.0,0.0,0.0,14020.4,3440000.0,0.0,153.8,0.0,0.0,0.0,0.0,0.0,87183.8,4539.5,4051.2
1963.0,0.0,0.0,0.0,0.0,0.0,114000.0,0.0,0.0,220000.0,104000.0,0.0,584.9,137000.0,1805.9,1414.9,19886.7,0.0,0.0,2624.3,0.0,0.0,114.8,1637.3,4232.3,289000.0,0.0,0.0,0.0,246.3,903.6,343000.0,0.0,34039.7,96990.4,5470.4,5360.3,18009.5,1742.1,42982.2,0.0,0.0,4448.7,0.0,0.0,0.0,0.0,106000.0,5310.5,25567.8,243000.0,11452.0,18603.7,3420000.0,303000.0,0.0,0.0,318000.0,61776.1,796.2,708000.0,2861.6,795000.0,0.0,7882.8,0.0,0.0,0.0,0.0,66275.6,0.0,7280.8,1361.9,14170.5,2493.2,0.0,6005.9,0.0,63778.9,168000.0,0.0,84746.8,0.0,2452.1,25194.7,663000.0,0.0,0.0,1050000.0,0.0,4792.3,0.0,0.0,0.0,0.0,28237.0,0.0,0.0,0.0,0.0,0.0,0.0,6305.5,284.9,0.0,9257.5,0.0,0.0,0.0,0.0,4317.3,0.0,175000.0,0.0,0.0,0.0,3951.1,0.0,0.0,0.0,1195.0,0.0,932.5,13573.6,0.0,3531.2,69543.9,3528.2,209000.0,94085.5,2844.1,0.0,0.0,0.0,16357.9,3159.0,33282.0,34234.8,0.0,2684.7,0.0,17324.1,47490.4,3003.7,0.0,0.0,0.0,0.0,991.1,215000.0,0.0,8582.9,4575.0,7382.1,0.0,935.0,0.0,0.0,0.0,1103.9,0.0,0.0,157000.0,0.0,134.0,2199.2,723.7,19141.2,0.0,0.0,0.0,4203.9,0.0,102000.0,0.0,0.0,0.0,0.0,14044.2,3600000.0,0.0,144.1,0.0,0.0,0.0,0.0,0.0,93612.4,4688.1,4304.2
1964.0,0.0,0.0,0.0,0.0,0.0,126000.0,0.0,0.0,235000.0,110000.0,0.0,621.6,147000.0,1926.0,1447.2,22064.8,0.0,0.0,2899.9,0.0,0.0,120.5,1819.2,4399.8,299000.0,0.0,0.0,0.0,263.1,922.4,366000.0,0.0,34910.2,115000.0,6434.0,5550.4,17570.0,1808.6,45632.9,0.0,0.0,4611.5,0.0,0.0,0.0,0.0,116000.0,5669.8,27060.8,267000.0,12300.2,20744.5,3610000.0,319000.0,0.0,0.0,339000.0,65012.4,835.0,755000.0,2991.9,839000.0,0.0,8056.9,0.0,0.0,0.0,0.0,72511.9,0.0,7618.1,1516.6,15393.0,2628.2,0.0,5907.0,0.0,66030.1,181000.0,0.0,92538.3,0.0,2695.3,27194.4,681000.0,0.0,0.0,1180000.0,0.0,5030.2,0.0,0.0,0.0,0.0,30912.1,0.0,0.0,0.0,0.0,0.0,0.0,6551.8,308.4,0.0,9985.7,0.0,0.0,0.0,0.0,4488.4,0.0,196000.0,0.0,0.0,0.0,3718.3,0.0,0.0,0.0,1525.9,0.0,957.4,14301.0,0.0,3535.8,72986.7,3940.9,226000.0,98798.8,3058.3,0.0,0.0,0.0,17596.1,3299.0,35461.2,35414.9,0.0,2914.8,0.0,18547.3,50487.4,3130.2,0.0,0.0,0.0,0.0,867.6,232000.0,0.0,8486.7,4752.7,7153.0,0.0,997.5,0.0,0.0,0.0,1175.7,0.0,0.0,168000.0,0.0,141.9,2144.0,827.1,20448.8,0.0,0.0,0.0,4524.7,0.0,107000.0,0.0,0.0,0.0,0.0,14387.0,3800000.0,0.0,149.4,0.0,0.0,0.0,0.0,0.0,101000.0,5260.7,4256.6
1965.0,0.0,0.0,0.0,0.0,0.0,139000.0,0.0,0.0,249000.0,114000.0,0.0,646.2,152000.0,2028.0,1501.7,22419.2,0.0,0.0,3202.3,0.0,0.0,126.4,1905.8,4616.0,308000.0,0.0,0.0,0.0,278.4,931.2,389000.0,0.0,35241.9,134000.0,6233.9,5662.8,17745.2,1875.1,47275.7,0.0,0.0,4989.2,0.0,0.0,0.0,0.0,122000.0,4962.1,28740.4,294000.0,12703.1,21763.9,3800000.0,339000.0,0.0,0.0,353000.0,68459.9,812.4,792000.0,3241.2,857000.0,7345.0,8167.2,0.0,0.0,0.0,0.0,80320.0,0.0,7950.4,1676.4,17646.9,2865.7,0.0,6034.7,0.0,66744.2,176000.0,0.0,108000.0,0.0,2894.0,29667.5,704000.0,0.0,0.0,1250000.0,0.0,5131.3,0.0,0.0,0.0,0.0,33174.4,0.0,0.0,0.0,0.0,0.0,0.0,6718.0,315.0,0.0,9912.3,0.0,0.0,0.0,0.0,4468.1,0.0,210000.0,0.0,0.0,0.0,4115.8,0.0,0.0,0.0,1772.2,0.0,1087.7,15400.0,0.0,3780.5,76552.1,4316.3,246000.0,104000.0,3021.5,0.0,0.0,1446.6,19429.6,3601.2,37454.8,37279.7,0.0,3214.1,0.0,20254.5,54258.3,3323.3,0.0,0.0,0.0,0.0,928.4,230000.0,0.0,9061.9,4816.0,7713.4,0.0,1069.1,7547.4,0.0,0.0,1316.8,0.0,0.0,174000.0,0.0,140.4,2156.9,955.0,22121.8,0.0,0.0,0.0,4556.1,5059.8,110000.0,0.0,0.0,0.0,0.0,14537.4,4050000.0,0.0,150.7,0.0,0.0,0.0,0.0,0.0,107000.0,6136.5,4465.6
1966.0,0.0,0.0,0.0,0.0,0.0,138000.0,0.0,0.0,255000.0,120000.0,0.0,676.1,157000.0,2100.5,1509.8,22994.7,0.0,0.0,3492.8,0.0,0.0,132.5,2179.5,4947.0,321000.0,0.0,0.0,0.0,296.1,937.2,415000.0,0.0,39201.8,148000.0,6955.6,5924.2,18947.5,1900.6,49751.4,0.0,0.0,5336.9,0.0,0.0,0.0,0.0,125000.0,5630.2,27359.4,316000.0,12659.9,22862.2,4000000.0,363000.0,0.0,0.0,353000.0,70084.3,812.4,833000.0,3387.3,870000.0,7898.5,7819.4,0.0,289.7,0.0,0.0,85536.4,0.0,8388.6,1764.2,17963.6,3019.7,0.0,6000.0,0.0,68607.3,176000.0,0.0,121000.0,0.0,3146.8,29643.9,746000.0,6759.2,0.0,1380000.0,0.0,5887.1,0.0,0.0,0.0,0.0,37153.3,0.0,0.0,0.0,0.0,0.0,0.0,7055.5,313.7,0.0,10021.9,0.0,0.0,11947.0,0.0,4560.3,0.0,223000.0,0.0,0.0,0.0,3916.2,0.0,0.0,0.0,1776.3,0.0,1231.8,16603.7,0.0,3766.0,73298.2,4458.8,253000.0,108000.0,3234.2,0.0,0.0,1521.9,20554.5,3874.2,40540.6,38929.7,0.0,3401.0,0.0,21773.5,56470.9,3389.5,0.0,0.0,0.0,0.0,993.5,232000.0,0.0,8737.9,4954.5,8498.6,0.0,1087.3,8087.9,0.0,0.0,1569.6,0.0,0.0,178000.0,0.0,159.9,2118.0,1044.8,24582.3,0.0,0.0,0.0,4740.9,5234.6,123000.0,0.0,0.0,0.0,0.0,14982.7,4310000.0,0.0,150.7,0.0,0.0,0.0,0.0,0.0,112000.0,5794.7,4533.6
1967.0,0.0,0.0,0.0,0.0,0.0,143000.0,0.0,0.0,271000.0,124000.0,0.0,769.5,163000.0,2123.2,1643.0,22563.3,0.0,0.0,3828.0,0.0,0.0,139.0,2468.8,5259.5,336000.0,0.0,0.0,0.0,313.7,981.0,428000.0,0.0,40619.3,140000.0,7275.4,5277.7,18760.8,1940.8,51808.5,0.0,0.0,5638.4,0.0,0.0,0.0,0.0,132000.0,5817.5,29945.7,313000.0,13245.0,23046.3,4210000.0,379000.0,0.0,0.0,343000.0,71604.3,920.9,874000.0,3526.7,895000.0,8392.2,8059.9,0.0,289.7,0.0,0.0,90385.9,0.0,8733.6,1840.3,18251.6,3200.2,0.0,5872.9,0.0,69554.4,190000.0,0.0,135000.0,0.0,3106.9,30531.7,799000.0,6881.5,0.0,1530000.0,0.0,6084.9,0.0,0.0,0.0,0.0,40526.7,0.0,0.0,0.0,0.0,0.0,0.0,7509.8,348.0,0.0,10043.7,0.0,0.0,13145.2,0.0,4812.4,0.0,236000.0,0.0,1945.4,0.0,3684.1,0.0,0.0,0.0,1839.6,0.0,1321.5,17244.2,0.0,3770.6,61758.4,4769.6,266000.0,115000.0,3183.4,0.0,0.0,2529.7,21664.6,4205.6,42102.5,41002.4,0.0,3539.4,0.0,23128.5,60731.3,3699.6,0.0,0.0,0.0,0.0,1062.2,247000.0,0.0,8862.3,4894.1,9561.7,0.0,1087.7,8527.6,0.0,0.0,1759.5,0.0,0.0,184000.0,0.0,160.8,2134.2,1102.3,26700.3,0.0,0.0,0.0,4837.7,5243.1,128000.0,0.0,0.0,0.0,0.0,14434.8,4420000.0,0.0,136.4,0.0,0.0,0.0,0.0,0.0,120000.0,6253.6,4913.0
1968.0,0.0,0.0,0.0,0.0,0.0,150000.0,0.0,0.0,285000.0,129000.0,0.0,767.2,170000.0,2204.7,1693.4,24704.5,0.0,0.0,4150.4,0.0,0.0,149.2,2520.8,5708.1,375000.0,0.0,0.0,0.0,346.8,994.8,449000.0,0.0,42078.4,134000.0,8188.4,5612.7,19573.6,2088.9,54882.4,0.0,0.0,6116.2,0.0,0.0,0.0,0.0,139000.0,5831.4,33178.7,322000.0,13497.9,22676.0,4450000.0,404000.0,0.0,0.0,359000.0,73253.6,993.8,914000.0,3615.2,943000.0,8766.2,8089.6,0.0,317.4,0.0,0.0,96897.0,0.0,9499.2,1859.1,18871.7,3411.4,0.0,6059.7,0.0,77146.3,196000.0,0.0,155000.0,13465.1,2936.8,35490.6,852000.0,7276.8,0.0,1730000.0,0.0,6570.7,0.0,0.0,0.0,0.0,45862.3,0.0,0.0,0.0,0.0,0.0,0.0,7945.5,346.7,0.0,10463.9,0.0,0.0,14445.4,0.0,5141.1,0.0,258000.0,0.0,2017.6,0.0,4128.4,0.0,0.0,0.0,2027.2,0.0,1296.1,18619.9,0.0,3785.1,60987.4,4833.6,283000.0,117000.0,3204.9,0.0,0.0,4601.1,23231.6,4499.0,42166.6,43030.2,0.0,3693.7,0.0,24326.6,66121.5,3867.1,0.0,0.0,0.0,0.0,1136.7,257000.0,76790.7,9036.3,5201.9,10855.1,0.0,1109.7,8803.6,0.0,0.0,1893.2,0.0,0.0,190000.0,0.0,172.9,2124.5,1157.7,28869.0,0.0,0.0,0.0,5090.0,5788.9,137000.0,0.0,0.0,0.0,0.0,14707.5,4630000.0,0.0,145.3,0.0,0.0,0.0,0.0,0.0,125000.0,6331.6,5009.7
1969.0,0.0,0.0,0.0,0.0,0.0,164000.0,0.0,0.0,305000.0,137000.0,0.0,756.0,181000.0,2268.2,1727.7,25006.1,0.0,0.0,4523.2,0.0,0.0,156.8,2607.4,5963.5,411000.0,0.0,0.0,0.0,399.2,1065.3,472000.0,0.0,43735.4,157000.0,8969.5,5887.8,21399.6,2246.6,58231.6,0.0,0.0,6452.1,0.0,0.0,0.0,0.0,148000.0,6466.5,35976.8,356000.0,14128.1,23873.2,4760000.0,440000.0,0.0,0.0,383000.0,80281.0,1019.6,979000.0,3907.4,961000.0,9185.0,8575.5,0.0,325.1,0.0,0.0,108000.0,0.0,9949.1,1989.2,21012.5,3433.7,0.0,6290.7,0.0,82409.5,209000.0,0.0,180000.0,13901.9,3006.6,40305.2,904000.0,7682.4,0.0,1940000.0,0.0,7093.6,0.0,0.0,0.0,0.0,52540.5,0.0,0.0,0.0,0.0,0.0,0.0,8558.6,352.0,0.0,11507.4,0.0,0.0,15653.4,0.0,5332.4,0.0,267000.0,0.0,2022.2,0.0,4264.3,0.0,0.0,0.0,2052.5,0.0,1372.4,19530.1,0.0,3577.4,75744.8,5135.1,301000.0,123000.0,3348.0,0.0,0.0,5782.1,24511.2,4878.8,43648.5,45033.8,0.0,3999.3,0.0,26607.3,67523.8,4048.9,0.0,0.0,0.0,0.0,1261.8,273000.0,81427.2,9161.9,4861.0,12356.7,0.0,1204.3,9110.4,0.0,0.0,1978.4,0.0,0.0,200000.0,0.0,172.9,2270.7,1283.1,30760.1,0.0,0.0,0.0,5229.0,6063.8,143000.0,0.0,0.0,0.0,0.0,15570.0,4770000.0,0.0,149.4,0.0,0.0,0.0,0.0,0.0,131000.0,6304.0,5632.4
1970.0,0.0,0.0,0.0,1012.3,0.0,169000.0,0.0,0.0,327000.0,146000.0,0.0,917.2,191000.0,2315.8,1729.8,26411.4,0.0,0.0,4267.6,0.0,0.0,164.4,2772.0,6275.4,447000.0,0.0,0.0,0.0,467.6,1090.2,528000.0,306000.0,44535.3,187000.0,9900.1,6069.8,21347.2,2389.5,61846.5,0.0,0.0,6936.2,0.0,0.0,1540000.0,0.0,151000.0,7645.2,39165.3,401000.0,15099.0,25209.7,5040000.0,459000.0,0.0,0.0,425000.0,84145.5,1149.1,1040000.0,4246.5,998000.0,10292.0,9409.3,0.0,345.2,347.4,0.0,118000.0,0.0,10517.0,2073.8,22947.1,3558.3,0.0,6331.7,0.0,88635.2,220000.0,37691.2,200000.0,14533.7,3320.0,39999.0,951000.0,8609.3,0.0,1950000.0,0.0,6763.4,0.0,0.0,122.5,0.0,57822.3,0.0,0.0,0.0,0.0,0.0,0.0,8887.8,359.7,0.0,12026.1,0.0,0.0,16391.2,0.0,5613.7,0.0,284000.0,0.0,2146.4,1127.9,4476.6,0.0,0.0,0.0,2298.5,0.0,1378.9,20699.3,0.0,3686.8,94686.5,5204.7,320000.0,125000.0,3434.2,0.0,56438.2,6585.5,27294.1,5218.3,45117.7,46729.2,0.0,4433.0,0.0,28841.8,76040.3,4273.7,0.0,0.0,0.0,0.0,1337.5,288000.0,129000.0,9704.7,5277.2,14079.5,0.0,1308.1,9381.7,0.0,0.0,2031.8,0.0,0.0,214000.0,528.6,188.2,2312.9,1315.4,34269.2,0.0,0.0,0.0,5413.8,6346.9,147000.0,0.0,0.0,0.0,0.0,15933.3,4760000.0,0.0,165.5,0.0,0.0,0.0,0.0,0.0,138000.0,6606.4,6903.3
1971.0,0.0,0.0,0.0,1059.4,0.0,179000.0,0.0,0.0,340000.0,154000.0,0.0,942.4,199000.0,2281.1,1754.2,24964.2,0.0,0.0,4337.1,0.0,0.0,170.9,2867.3,6593.2,498000.0,0.0,0.0,0.0,588.3,1102.5,549000.0,319000.0,48731.8,200000.0,10836.3,6281.0,22629.1,2574.7,65533.0,0.0,0.0,7406.3,0.0,0.0,1590000.0,0.0,155000.0,8476.3,34727.2,428000.0,16049.1,26232.6,5230000.0,480000.0,0.0,0.0,450000.0,86128.8,1228.3,1090000.0,4682.2,1030000.0,10546.3,9900.1,0.0,344.9,333.8,0.0,127000.0,0.0,11104.3,2138.4,24620.6,3700.4,0.0,6742.0,0.0,94861.0,223000.0,38999.0,229000.0,15314.8,3753.6,44379.3,968000.0,8820.9,0.0,2040000.0,0.0,8263.1,0.0,0.0,119.6,0.0,63919.9,0.0,0.0,0.0,0.0,0.0,0.0,9004.0,378.1,0.0,12346.8,0.0,0.0,17308.6,0.0,5834.3,0.0,295000.0,0.0,2201.5,1155.5,4661.5,0.0,0.0,0.0,2340.9,0.0,1602.6,22776.4,0.0,3896.2,108000.0,5376.7,334000.0,132000.0,3393.1,0.0,58574.6,6644.7,27421.9,5720.1,47188.8,49265.9,0.0,4712.0,0.0,30677.7,81083.0,4510.4,0.0,0.0,0.0,0.0,1353.7,291000.0,156000.0,9922.8,5269.8,15827.3,0.0,1353.4,9743.7,0.0,0.0,2111.1,0.0,0.0,216000.0,601.3,218.1,2260.9,1315.4,35946.8,0.0,0.0,0.0,5470.1,7017.2,155000.0,0.0,0.0,0.0,0.0,15893.2,4920000.0,0.0,170.4,0.0,0.0,0.0,0.0,0.0,144000.0,6600.7,7518.9
1972.0,0.0,0.0,0.0,1145.8,0.0,182000.0,0.0,0.0,353000.0,163000.0,0.0,882.1,209000.0,2427.7,1794.8,21475.8,0.0,0.0,4185.4,0.0,0.0,188.3,2919.3,7118.5,558000.0,0.0,0.0,0.0,743.4,1102.5,580000.0,329000.0,48234.7,208000.0,11295.4,6449.0,22663.3,2796.6,70558.8,0.0,0.0,8012.0,0.0,0.0,1650000.0,0.0,161000.0,9357.3,44250.7,450000.0,16854.4,27034.1,5490000.0,519000.0,0.0,0.0,459000.0,92791.2,1320.2,1140000.0,5213.0,1080000.0,10845.5,9653.9,0.0,345.8,355.0,0.0,140000.0,0.0,11918.6,2067.4,27233.3,3913.7,0.0,6807.9,0.0,102000.0,222000.0,41530.0,262000.0,15886.9,3985.5,49769.9,1000000.0,10409.4,0.0,2210000.0,0.0,9674.7,0.0,0.0,134.1,0.0,68531.4,0.0,0.0,0.0,0.0,0.0,0.0,8967.0,377.3,0.0,13161.5,0.0,0.0,17730.5,0.0,5760.1,0.0,319000.0,0.0,2330.1,1223.0,4775.0,0.0,0.0,0.0,2323.7,0.0,1702.4,24914.8,0.0,3694.9,112000.0,5496.1,345000.0,139000.0,3498.9,0.0,61573.1,7297.5,27645.0,5982.3,48829.8,51949.3,0.0,4978.0,0.0,32878.4,87582.4,4809.5,0.0,0.0,0.0,0.0,1357.2,286000.0,191000.0,9419.6,5606.2,17934.8,0.0,1365.6,10339.7,0.0,0.0,2098.4,0.0,0.0,221000.0,633.9,231.8,2286.9,1415.7,37484.8,0.0,0.0,0.0,5786.3,8262.2,167000.0,0.0,0.0,0.0,0.0,15683.5,5170000.0,0.0,214.4,0.0,0.0,0.0,0.0,0.0,146000.0,7208.5,8145.2
1973.0,0.0,0.0,0.0,1235.0,0.0,187000.0,0.0,0.0,362000.0,171000.0,0.0,942.8,223000.0,2517.7,1802.8,22190.0,0.0,0.0,4502.1,0.0,0.0,198.4,2962.6,7527.0,636000.0,0.0,0.0,0.0,901.8,1123.3,619000.0,339000.0,45808.9,224000.0,11966.2,6794.4,24507.4,3026.8,75302.5,0.0,0.0,8629.7,0.0,0.0,1730000.0,0.0,168000.0,10564.1,45938.1,488000.0,19205.7,27982.2,5820000.0,560000.0,0.0,0.0,485000.0,99271.6,1473.6,1220000.0,5743.8,1150000.0,11548.6,9932.3,0.0,377.7,359.0,0.0,151000.0,0.0,12727.0,2093.2,30577.4,4221.7,0.0,7131.6,0.0,110000.0,230000.0,43490.8,284000.0,16588.9,4256.7,52550.8,1080000.0,9838.4,0.0,2390000.0,0.0,10245.1,0.0,0.0,162.1,0.0,78741.4,0.0,0.0,0.0,0.0,0.0,0.0,9599.9,477.0,0.0,14255.6,0.0,0.0,18361.5,0.0,5609.3,0.0,345000.0,0.0,2296.2,1273.7,4728.8,0.0,0.0,0.0,2217.2,0.0,1741.6,27830.1,0.0,3065.0,118000.0,5848.7,364000.0,145000.0,3482.3,0.0,66376.0,6257.5,29597.9,6303.2,51894.9,56583.5,0.0,5303.0,0.0,34964.5,97392.2,5160.8,0.0,0.0,0.0,0.0,1403.9,297000.0,238000.0,9479.2,5293.2,19836.4,0.0,1396.4,10842.4,0.0,0.0,2060.6,0.0,0.0,230000.0,691.1,252.8,2095.2,1470.1,41321.9,0.0,0.0,0.0,5882.2,8208.1,172000.0,0.0,0.0,0.0,0.0,15726.6,5470000.0,0.0,190.6,0.0,0.0,0.0,0.0,0.0,153000.0,7139.2,8357.4
1974.0,0.0,0.0,0.0,1304.4,0.0,197000.0,0.0,0.0,377000.0,178000.0,0.0,936.0,233000.0,2601.7,1952.2,24318.4,0.0,0.0,3747.8,0.0,0.0,225.3,2988.6,7748.3,694000.0,2730.3,7076.3,0.0,981.2,1194.5,639000.0,344000.0,46900.1,229000.0,12484.0,7523.7,25274.7,3265.5,79629.2,0.0,0.0,9108.2,0.0,0.0,1750000.0,0.0,166000.0,11198.1,49381.1,509000.0,21358.4,28418.4,6010000.0,591000.0,0.0,0.0,515000.0,102000.0,1511.9,1270000.0,8011.9,1120000.0,12565.8,10613.0,0.0,399.9,375.4,0.0,141000.0,0.0,13538.3,2254.4,31315.9,4169.8,0.0,7543.8,0.0,118000.0,232000.0,45343.6,303000.0,19261.9,4499.6,55954.0,1130000.0,9422.3,0.0,2360000.0,0.0,10661.7,0.0,0.0,235.6,0.0,86231.1,0.0,0.0,0.0,0.0,0.0,0.0,9969.1,529.3,0.0,14856.1,0.0,0.0,19389.1,0.0,5721.8,0.0,364000.0,0.0,2261.1,1401.6,4981.5,0.0,0.0,0.0,2486.8,0.0,1866.6,30145.2,0.0,3333.9,131000.0,6678.8,377000.0,151000.0,3702.8,0.0,70354.2,6977.0,30645.7,6457.5,56766.1,58596.8,0.0,5441.4,0.0,35984.5,98505.3,5593.3,0.0,0.0,0.0,0.0,1423.7,303000.0,276000.0,10564.1,5515.5,21049.9,0.0,1445.3,11421.0,0.0,0.0,2068.9,0.0,0.0,238000.0,730.8,256.1,2199.2,1541.1,43167.4,0.0,0.0,0.0,6106.1,8870.9,182000.0,0.0,0.0,0.0,0.0,16182.0,5440000.0,0.0,173.8,0.0,0.0,0.0,0.0,0.0,162000.0,7598.1,8911.1
1975.0,0.0,0.0,0.0,1311.5,56806.7,197000.0,0.0,0.0,382000.0,177000.0,0.0,942.5,228000.0,2474.4,2010.7,23324.2,0.0,0.0,3193.0,0.0,0.0,233.4,3101.2,8314.8,730000.0,2678.4,7101.4,0.0,1064.0,1199.3,649000.0,319000.0,40844.3,249000.0,13514.3,8369.7,24015.6,3518.0,81479.1,0.0,0.0,9299.5,3693.2,0.0,1730000.0,0.0,163000.0,11779.6,51872.6,541000.0,23701.8,30958.8,5970000.0,595000.0,0.0,0.0,519000.0,104000.0,1519.9,1260000.0,9549.4,1100000.0,13493.3,9293.6,0.0,449.5,404.8,0.0,150000.0,0.0,13802.3,2445.6,31470.0,4258.7,0.0,7628.5,0.0,124000.0,254000.0,47908.6,295000.0,21667.8,4528.7,57768.5,1110000.0,9398.2,0.0,2440000.0,0.0,10755.7,0.0,0.0,248.2,0.0,92991.6,0.0,0.0,0.0,0.0,0.0,0.0,10579.8,457.8,0.0,13879.8,0.0,0.0,20854.5,0.0,5793.8,0.0,385000.0,0.0,2524.0,1675.7,5188.3,0.0,0.0,0.0,2359.2,0.0,1980.2,30386.7,0.0,3240.8,124000.0,6668.6,377000.0,159000.0,3756.7,0.0,69135.9,8681.7,31936.3,6569.9,59207.6,61857.6,0.0,5393.5,0.0,35749.0,94222.6,5976.6,0.0,0.0,0.0,0.0,1393.6,326000.0,252000.0,12224.1,5931.2,21888.1,0.0,1469.4,11754.9,0.0,0.0,2126.8,0.0,0.0,244000.0,832.4,264.3,2397.3,1578.7,45313.0,0.0,0.0,0.0,6196.4,9505.7,195000.0,0.0,0.0,0.0,0.0,17168.6,5430000.0,0.0,160.6,0.0,0.0,0.0,0.0,0.0,165000.0,7425.7,8739.0
1976.0,0.0,0.0,0.0,1354.8,66195.0,193000.0,0.0,0.0,392000.0,185000.0,0.0,1017.4,241000.0,2496.3,2182.4,24644.7,0.0,0.0,3358.6,0.0,0.0,233.3,3378.4,8698.5,801000.0,2795.2,8532.8,0.0,1177.3,1264.5,687000.0,315000.0,42409.7,245000.0,15259.9,7909.8,22740.6,3550.2,85331.8,0.0,0.0,9812.6,4441.6,0.0,1820000.0,0.0,173000.0,12572.2,56223.0,560000.0,25455.1,35070.0,6270000.0,614000.0,0.0,0.0,557000.0,105000.0,1561.5,1310000.0,12951.4,1130000.0,14316.1,8965.5,0.0,482.6,424.8,0.0,161000.0,0.0,14821.9,2483.2,36556.8,4705.9,0.0,8272.3,0.0,133000.0,258000.0,48576.8,346000.0,25389.3,4798.6,57954.8,1190000.0,8769.0,4610.2,2530000.0,0.0,10987.4,0.0,0.0,181.8,0.0,105000.0,0.0,0.0,0.0,0.0,0.0,0.0,10932.6,508.4,0.0,14231.6,0.0,0.0,23109.5,0.0,5616.0,0.0,402000.0,0.0,2867.8,1960.9,5503.8,0.0,0.0,0.0,2560.8,2180.1,2079.2,33900.4,0.0,3262.8,135000.0,7016.0,393000.0,168000.0,3922.0,0.0,69778.0,10465.0,33583.0,6679.3,60064.4,67305.2,0.0,5210.8,0.0,37980.8,101000.0,6426.4,0.0,0.0,0.0,0.0,1665.4,334000.0,296000.0,14261.3,6460.2,23515.9,0.0,1462.8,12348.4,0.0,0.0,2314.0,0.0,0.0,246000.0,814.8,307.3,2468.8,1546.3,49539.3,0.0,0.0,0.0,6593.3,10254.5,216000.0,0.0,0.0,0.0,0.0,17844.2,5720000.0,0.0,177.2,0.0,0.0,0.0,0.0,0.0,169000.0,7887.6,8779.6
1977.0,0.0,0.0,0.0,1393.2,80386.8,206000.0,0.0,323.1,406000.0,195000.0,0.0,1134.1,243000.0,2620.7,2190.4,25303.5,0.0,0.0,3666.1,0.0,0.0,248.5,3577.6,9130.9,838000.0,2897.0,9464.3,0.0,1318.7,1312.6,711000.0,322000.0,46839.3,264000.0,16376.1,8996.6,22913.6,3232.3,88880.3,0.0,0.0,10686.3,5168.4,0.0,1880000.0,192.3,176000.0,13198.5,59179.5,603000.0,25863.6,38227.4,6460000.0,632000.0,0.0,0.0,587000.0,105000.0,1653.7,1360000.0,11321.8,1160000.0,15303.4,9169.4,0.0,499.2,394.4,0.0,166000.0,265.7,15979.4,2417.7,40843.3,5194.5,0.0,8579.0,0.0,144000.0,276000.0,52565.6,332000.0,25871.7,5222.0,58554.8,1220000.0,8541.3,4992.8,2640000.0,0.0,12026.1,0.0,0.0,173.4,189.0,118000.0,0.0,0.0,0.0,0.0,0.0,407.2,11490.3,619.3,0.0,14455.0,0.0,0.0,24509.7,0.0,5748.8,0.0,416000.0,0.0,3049.9,2199.8,5831.4,0.0,0.0,0.0,2512.7,2322.8,2181.4,36528.7,0.0,3516.1,144000.0,7603.1,403000.0,175000.0,4040.3,0.0,66726.7,10570.4,34908.8,6752.4,60274.0,71075.7,0.0,5254.3,0.0,40240.9,106000.0,7165.0,0.0,0.0,0.0,0.0,1698.6,355000.0,317000.0,15148.9,6286.9,25127.4,0.0,1463.5,13185.6,0.0,0.0,2550.0,0.0,0.0,242000.0,823.0,288.2,2524.0,1654.0,54415.6,0.0,0.0,0.0,7194.7,10604.3,223000.0,0.0,0.0,0.0,0.0,18104.0,5980000.0,0.0,200.7,0.0,0.0,0.0,0.0,0.0,168000.0,7527.6,8177.3
1978.0,0.0,0.0,0.0,1413.6,79109.0,197000.0,0.0,337.2,410000.0,194000.0,0.0,1123.4,250000.0,2653.6,2291.4,27093.4,0.0,0.0,4185.9,0.0,0.0,268.2,3629.6,9318.3,865000.0,3038.3,10105.5,0.0,1507.7,1328.5,737000.0,324000.0,50446.4,294000.0,18162.6,10976.1,21688.8,3437.9,96408.4,0.0,0.0,11356.1,5570.4,0.0,1940000.0,212.6,180000.0,13481.0,64632.8,657000.0,27339.6,41525.9,6660000.0,641000.0,0.0,0.0,590000.0,108000.0,1684.5,1410000.0,8599.0,1210000.0,16440.3,9946.6,0.0,530.7,446.1,0.0,178000.0,279.9,16777.9,2374.0,44217.3,5504.4,0.0,9111.7,0.0,154000.0,292000.0,56343.3,285000.0,30284.6,5536.1,61807.6,1260000.0,8536.7,5725.7,2780000.0,0.0,12857.4,0.0,0.0,175.2,196.4,131000.0,0.0,0.0,0.0,0.0,0.0,449.2,12139.9,732.7,0.0,15044.0,0.0,0.0,25057.0,0.0,5595.8,0.0,453000.0,0.0,3005.3,2445.3,6211.5,0.0,0.0,0.0,2500.0,2411.8,2394.0,38959.3,0.0,3989.9,135000.0,7007.1,414000.0,182000.0,4218.3,0.0,66939.3,10179.9,37718.4,7413.6,58681.3,74751.8,0.0,5703.5,0.0,43030.4,109000.0,8026.9,0.0,0.0,0.0,0.0,1854.0,376000.0,301000.0,14250.4,6038.3,27081.6,0.0,1498.7,13887.5,0.0,0.0,2718.3,0.0,0.0,246000.0,833.9,349.2,2512.1,1836.6,60018.1,0.0,0.0,0.0,7915.4,11287.2,226000.0,0.0,0.0,0.0,0.0,19076.9,6310000.0,0.0,220.3,0.0,0.0,0.0,0.0,0.0,173000.0,7569.3,7955.9
1979.0,0.0,0.0,0.0,1414.2,95661.4,217000.0,0.0,364.5,426000.0,205000.0,0.0,1142.1,256000.0,2827.0,2375.3,28394.3,0.0,0.0,5280.1,0.0,0.0,288.3,3707.6,9330.7,924000.0,3278.1,12385.6,0.0,1690.9,1295.8,764000.0,332000.0,54693.1,316000.0,18597.5,11638.6,21782.1,3775.3,102000.0,0.0,0.0,11917.0,6122.1,0.0,2020000.0,173.6,187000.0,14091.9,69466.0,704000.0,28360.5,43414.4,6920000.0,641000.0,0.0,0.0,614000.0,116000.0,1890.4,1460000.0,8639.8,1260000.0,17652.0,9696.4,0.0,523.6,455.0,0.0,183000.0,295.5,17568.7,2330.5,49327.4,5813.2,0.0,9800.6,0.0,165000.0,277000.0,58074.8,255000.0,36604.8,5805.2,65644.5,1340000.0,8446.2,6916.8,2940000.0,0.0,13836.5,0.0,0.0,154.9,211.3,143000.0,0.0,0.0,0.0,0.0,0.0,466.2,12917.3,753.9,0.0,15396.9,0.0,0.0,26258.1,0.0,6147.2,0.0,497000.0,0.0,3317.7,2701.8,6534.5,0.0,0.0,0.0,2619.7,2496.6,2499.3,42601.7,0.0,4275.0,144000.0,5151.7,423000.0,190000.0,4318.2,0.0,68406.2,10620.9,39136.0,7748.3,61081.8,78967.5,0.0,5808.0,0.0,46432.7,116000.0,8979.1,0.0,0.0,0.0,0.0,2074.1,365000.0,337000.0,13535.2,6461.1,29669.0,0.0,1566.3,13306.9,0.0,0.0,2702.0,0.0,0.0,256000.0,859.8,404.4,1973.5,1741.7,63242.2,0.0,0.0,0.0,8200.3,12028.5,225000.0,0.0,0.0,0.0,0.0,20259.5,6510000.0,0.0,227.7,0.0,333.6,0.0,0.0,0.0,180000.0,7340.4,8218.2
1980.0,0.0,26637.1,5323.4,1445.4,119000.0,221000.0,0.0,394.2,439000.0,208000.0,0.0,1153.4,267000.0,3018.7,2394.3,28626.9,32356.6,7624.2,5623.0,0.0,0.0,327.1,4002.1,9202.7,1010000.0,3421.5,11519.0,158.7,1893.6,1237.7,781000.0,347000.0,59061.3,341000.0,16559.7,11409.8,22260.2,4441.1,106000.0,432.0,193.2,12006.6,6474.3,0.0,2050000.0,196.8,186000.0,15214.9,70015.2,758000.0,29412.3,47760.7,7070000.0,655000.0,0.0,0.0,623000.0,122000.0,1860.1,1480000.0,8860.4,1230000.0,18459.8,9742.2,0.0,556.5,382.4,165.0,185000.0,294.0,18229.3,2370.9,54313.5,5848.1,0.0,10523.3,0.0,182000.0,296000.0,59863.1,185000.0,45665.8,6138.9,66741.1,1380000.0,7963.5,7690.4,3020000.0,0.0,14610.3,0.0,0.0,129.3,229.1,140000.0,0.0,0.0,0.0,0.0,0.0,455.9,13672.5,733.2,0.0,15526.4,0.0,0.0,27214.5,0.0,6205.8,0.0,543000.0,0.0,3174.2,2892.3,7053.3,0.0,0.0,2770.6,2708.1,2245.4,2509.4,45772.0,4459.4,4170.1,150000.0,5389.3,428000.0,198000.0,4218.1,0.0,69284.5,11261.9,43134.1,8762.1,64712.1,83033.5,0.0,5674.2,0.0,48403.1,121000.0,10030.7,0.0,0.0,0.0,0.0,2259.8,388000.0,356000.0,13741.5,6247.2,32669.5,418.3,1642.2,11740.5,0.0,0.0,2464.2,0.0,0.0,260000.0,966.9,387.2,1854.1,1995.6,66514.0,0.0,0.0,0.0,9052.3,12920.9,219000.0,0.0,0.0,0.0,0.0,21443.3,6500000.0,0.0,233.3,0.0,295.5,0.0,0.0,0.0,192000.0,7563.3,9403.4
1981.0,0.0,25465.1,5629.3,1443.5,124000.0,209000.0,0.0,409.2,454000.0,208000.0,0.0,1293.7,266000.0,3319.2,2496.2,30697.8,33942.2,7218.9,5104.2,0.0,0.0,330.8,4097.4,9228.1,963000.0,3356.5,9235.2,180.8,2065.3,1218.6,808000.0,352000.0,62915.2,358000.0,17139.3,13358.9,22783.4,5223.6,108000.0,448.7,209.5,11735.1,6637.3,0.0,2060000.0,218.1,185000.0,15866.1,72115.6,802000.0,31063.2,51270.5,7100000.0,654000.0,0.0,8227.6,606000.0,124000.0,1977.9,1500000.0,9311.8,1220000.0,19432.2,9400.9,0.0,575.0,451.9,174.5,182000.0,298.5,18347.2,2406.3,59343.4,5776.6,0.0,10223.1,0.0,196000.0,313000.0,61853.7,176000.0,45333.0,6400.7,70305.0,1390000.0,8173.7,9011.5,3150000.0,0.0,15161.6,0.0,0.0,125.1,232.7,150000.0,0.0,0.0,0.0,0.0,0.0,484.6,14451.7,738.3,0.0,15440.8,0.0,0.0,26740.0,0.0,5597.6,0.0,590000.0,0.0,3222.1,2988.1,7501.6,0.0,2497.3,2909.2,2801.5,2377.5,2376.7,48949.6,4502.7,4162.6,131000.0,5678.3,425000.0,201000.0,4570.0,0.0,72510.4,13181.8,46550.6,9568.8,68304.9,85876.0,0.0,5658.7,0.0,48958.7,123000.0,10950.6,0.0,0.0,0.0,0.0,2382.6,413000.0,363000.0,14763.6,6563.9,36203.1,410.8,1689.5,10513.5,0.0,0.0,2639.2,0.0,0.0,261000.0,1108.4,355.4,1873.5,1929.5,70442.9,0.0,0.0,208.0,9466.7,13633.4,230000.0,0.0,0.0,0.0,0.0,21777.7,6660000.0,0.0,244.1,0.0,308.5,0.0,0.0,0.0,202000.0,8029.7,10581.2
1982.0,0.0,25465.1,5795.2,1461.5,116000.0,208000.0,0.0,408.9,469000.0,212000.0,0.0,1280.1,268000.0,3393.4,2734.8,31353.0,34734.6,6673.4,5446.1,0.0,0.0,330.4,3880.8,8864.6,969000.0,3192.0,9600.6,187.0,2316.5,1312.6,782000.0,348000.0,55985.6,390000.0,17173.7,14363.0,22679.1,6456.2,109000.0,477.3,215.4,10880.1,7037.0,0.0,2050000.0,227.1,192000.0,16135.6,76731.0,850000.0,31254.2,56349.9,7150000.0,663000.0,0.0,8303.0,596000.0,127000.0,1859.6,1540000.0,9023.4,1250000.0,19821.1,8750.0,0.0,570.6,470.9,178.3,180000.0,310.8,17699.5,2088.9,61093.9,5656.8,0.0,9858.8,0.0,200000.0,324000.0,63266.1,223000.0,46889.7,6538.6,71769.1,1400000.0,8342.9,9644.7,3250000.0,0.0,15390.0,0.0,0.0,133.6,234.0,163000.0,0.0,0.0,0.0,0.0,0.0,494.7,15050.2,771.2,0.0,15615.5,0.0,4132.2,29135.2,0.0,5491.3,0.0,586000.0,0.0,2984.3,3056.3,7922.0,0.0,2705.6,2708.4,2735.9,2508.2,2436.2,51858.7,4484.8,4253.2,122000.0,5632.0,420000.0,202000.0,4742.7,0.0,73184.4,14706.9,49593.8,10080.6,68152.8,88984.1,0.0,5678.6,0.0,48196.6,125000.0,10797.5,0.0,0.0,0.0,0.0,2425.8,428000.0,287000.0,15643.3,7078.7,38774.3,403.9,1770.3,9850.6,0.0,0.0,2528.3,0.0,0.0,265000.0,1121.4,351.4,1973.6,1860.3,74213.3,0.0,0.0,217.9,9826.3,13566.0,238000.0,0.0,0.0,5316.3,0.0,19652.7,6540000.0,0.0,255.0,0.0,314.6,358.0,0.0,0.0,201000.0,7803.9,10859.9
1983.0,0.0,26534.6,5859.3,1487.4,110000.0,217000.0,0.0,430.8,459000.0,219000.0,0.0,1327.7,269000.0,3245.8,2744.3,32569.8,35926.1,7098.9,5642.0,0.0,0.0,323.4,3958.8,8506.3,936000.0,3208.0,9648.7,208.1,2621.0,1206.0,802000.0,350000.0,53176.5,432000.0,16503.9,15349.3,22999.3,6834.2,111000.0,500.3,235.9,11191.6,7429.8,0.0,2080000.0,232.9,197000.0,16882.3,80874.5,912000.0,31148.9,59220.6,7250000.0,674000.0,0.0,8986.7,566000.0,131000.0,1786.0,1560000.0,9529.4,1300000.0,20673.8,8350.7,0.0,632.7,454.9,187.3,178000.0,322.1,17244.3,1947.1,64745.4,5708.0,0.0,9948.4,0.0,209000.0,348000.0,63111.5,242000.0,40759.7,6398.0,74179.9,1420000.0,8502.1,9430.6,3370000.0,0.0,15591.5,0.0,0.0,132.5,236.7,185000.0,0.0,0.0,0.0,0.0,0.0,519.3,15774.8,786.5,0.0,16082.3,0.0,4546.4,29539.2,0.0,5540.7,0.0,566000.0,0.0,3038.7,3037.6,8269.8,0.0,2863.5,2283.2,2838.1,2517.8,2526.8,55101.0,4403.0,4088.8,109000.0,5891.8,428000.0,210000.0,4601.5,0.0,75739.9,17158.0,52955.5,9627.9,61059.4,90652.2,0.0,5861.7,0.0,47067.9,125000.0,10469.0,0.0,0.0,0.0,0.0,2570.9,457000.0,241000.0,15965.9,6701.7,42091.3,419.6,1733.1,10001.8,0.0,0.0,2429.7,0.0,0.0,270000.0,1134.9,345.4,2283.1,1759.6,78357.5,0.0,0.0,222.2,8814.2,14201.2,250000.0,0.0,0.0,5621.7,0.0,17633.5,6840000.0,0.0,260.5,0.0,324.0,359.6,0.0,0.0,198000.0,7650.4,11032.1
1984.0,0.0,28126.7,5785.9,1513.9,115000.0,220000.0,0.0,474.6,480000.0,219000.0,0.0,1329.7,275000.0,3503.2,2695.5,34134.2,37146.3,7454.1,6441.6,0.0,0.0,329.7,3977.9,8489.2,985000.0,3323.5,9706.6,217.4,2845.0,1320.3,850000.0,361000.0,55358.7,498000.0,16058.1,16496.6,24273.7,7311.0,115000.0,520.9,244.8,12089.6,8080.5,0.0,2140000.0,242.7,205000.0,17093.8,85403.5,998000.0,31966.6,64992.1,7430000.0,686000.0,0.0,8730.8,569000.0,136000.0,1935.9,1580000.0,10245.0,1330000.0,21795.7,9072.8,0.0,655.0,496.3,189.2,181000.0,333.6,17329.9,1849.1,71203.0,6069.2,0.0,9978.3,0.0,223000.0,361000.0,65859.6,221000.0,40154.3,6662.2,74872.1,1460000.0,8371.0,9835.3,3520000.0,0.0,15865.1,0.0,0.0,139.0,257.7,204000.0,0.0,1516.9,0.0,0.0,0.0,557.0,16579.1,830.1,0.0,17077.3,0.0,4931.1,31435.2,0.0,5638.2,0.0,585000.0,0.0,3030.0,3066.2,8677.7,0.0,3033.4,2134.8,2746.6,2636.1,2662.2,59377.8,4392.6,3401.1,107000.0,5799.5,441000.0,223000.0,5046.9,0.0,79370.0,20025.4,55637.8,9888.7,63262.6,84013.1,0.0,5840.9,0.0,49858.4,123000.0,10763.9,0.0,0.0,0.0,0.0,2461.8,476000.0,230000.0,15166.2,6952.7,45792.1,420.4,1804.0,10135.5,0.0,0.0,2383.6,0.0,0.0,281000.0,1204.8,361.0,2329.9,1857.4,82865.0,0.0,0.0,226.0,8307.3,15017.6,267000.0,0.0,0.0,5602.3,0.0,17432.0,7340000.0,0.0,277.7,22466.5,355.1,364.2,0.0,0.0,208000.0,7624.6,10821.7
1985.0,0.0,29111.1,5889.0,1549.1,111000.0,209000.0,0.0,510.9,505000.0,224000.0,0.0,1486.4,280000.0,3767.0,2925.1,35275.0,38143.1,7099.4,6752.6,0.0,0.0,333.1,3898.2,8346.9,1060000.0,3360.0,9561.9,226.6,3047.7,1372.2,890000.0,374000.0,57578.6,565000.0,16780.9,17826.7,24387.3,7224.3,118000.0,532.8,266.0,12176.9,8475.0,0.0,2190000.0,246.1,213000.0,16731.0,88563.4,1070000.0,33224.5,68756.1,7600000.0,702000.0,0.0,7757.8,582000.0,140000.0,1846.6,1600000.0,10006.0,1380000.0,22872.8,9534.8,0.0,649.7,517.0,213.6,186000.0,353.5,17224.3,1893.5,71742.0,6410.6,0.0,10038.5,0.0,229000.0,380000.0,67891.8,226000.0,40738.1,6881.5,77894.7,1500000.0,8124.6,9569.1,3700000.0,0.0,16547.4,0.0,0.0,129.3,279.8,220000.0,0.0,1593.8,0.0,0.0,0.0,603.2,17408.0,851.7,0.0,17554.0,0.0,4967.1,33323.7,0.0,5703.4,0.0,598000.0,0.0,3644.6,3145.5,8925.2,0.0,3206.7,2156.1,2828.8,2819.5,2783.9,58769.1,4413.0,3663.6,114000.0,5562.8,453000.0,235000.0,5357.1,0.0,80651.9,22830.4,59861.9,10377.4,64566.5,77874.6,0.0,6074.5,0.0,51402.7,126000.0,11250.7,0.0,0.0,0.0,0.0,2570.2,502000.0,208000.0,14213.6,7181.0,45506.9,407.2,1708.2,10198.0,0.0,0.0,2431.2,0.0,0.0,287000.0,1250.5,401.1,2837.6,1960.6,86715.9,6264.8,0.0,240.9,7965.1,15865.9,278000.0,0.0,0.0,5417.1,0.0,17687.6,7640000.0,0.0,294.8,23321.5,358.6,378.5,0.0,0.0,205000.0,7747.8,11573.1
1986.0,0.0,29955.3,6220.9,1599.5,93974.8,221000.0,0.0,569.6,525000.0,229000.0,0.0,1534.7,285000.0,3848.8,3157.8,36747.1,39748.0,7183.4,6874.0,0.0,0.0,348.2,4158.0,8132.1,1150000.0,3531.5,9302.2,253.2,3296.8,1421.3,909000.0,381000.0,60675.0,616000.0,17327.9,19033.9,25537.7,6728.6,125000.0,542.7,273.6,12851.0,8788.9,0.0,2240000.0,263.5,224000.0,17320.3,88917.6,1140000.0,34375.7,72018.3,7790000.0,725000.0,0.0,8507.3,605000.0,144000.0,1989.7,1640000.0,9925.6,1430000.0,21002.9,10030.5,2889.0,676.3,512.9,208.6,187000.0,378.9,17248.9,1876.5,79673.9,6752.4,0.0,9988.6,0.0,242000.0,398000.0,67601.0,203000.0,42631.5,7313.1,81158.6,1540000.0,8277.6,10095.8,3820000.0,0.0,17735.1,3788.8,0.0,128.3,310.1,245000.0,0.0,1671.6,0.0,0.0,0.0,690.1,18166.2,891.6,0.0,19306.6,0.0,5299.7,36413.1,0.0,5815.2,0.0,580000.0,0.0,3742.8,3267.7,8830.8,0.0,3507.3,2106.6,2990.4,3094.2,2777.9,59498.2,4623.4,3896.3,114000.0,5506.2,465000.0,244000.0,5601.7,0.0,82834.4,23287.5,63155.3,10747.7,70652.5,80535.4,0.0,6359.6,0.0,53961.2,132000.0,11809.3,0.0,0.0,0.0,0.0,2710.9,526000.0,243000.0,14983.1,7404.6,46118.0,406.3,1729.3,10217.3,0.0,0.0,2450.7,0.0,0.0,295000.0,1403.9,400.4,2721.8,1991.7,91514.6,6484.0,0.0,246.0,7703.9,15636.3,298000.0,0.0,0.0,5438.2,0.0,19245.9,7910000.0,0.0,311.4,23972.1,358.1,399.3,0.0,0.0,205000.0,7803.9,11816.1
1987.0,0.0,31178.3,6171.9,1688.2,97153.0,227000.0,0.0,607.4,539000.0,232000.0,0.0,1619.2,291000.0,3791.1,3150.3,38133.4,42154.5,7930.4,7079.1,0.0,0.0,385.6,4314.0,8332.4,1190000.0,3623.0,9489.1,325.8,3688.6,1351.1,946000.0,387000.0,64594.9,687000.0,17267.4,18625.3,26221.0,6741.3,132000.0,551.6,285.4,13463.3,9409.9,0.0,2270000.0,280.2,224000.0,19072.6,88295.2,1240000.0,34286.6,74778.6,7990000.0,765000.0,0.0,9686.4,627000.0,149000.0,1858.0,1680000.0,8223.7,1500000.0,21272.2,10511.5,2984.3,692.9,527.8,217.9,183000.0,413.4,17860.2,1893.3,90349.0,7200.6,0.0,9909.3,0.0,254000.0,414000.0,70753.3,204000.0,46598.4,7938.0,86953.1,1590000.0,8927.4,10330.4,4000000.0,0.0,18788.1,3913.8,0.0,116.5,330.4,276000.0,0.0,1647.8,0.0,0.0,0.0,717.1,18479.7,898.1,0.0,20069.4,0.0,6057.2,36294.8,0.0,5883.5,0.0,590000.0,0.0,3737.6,3402.0,8477.1,0.0,3628.6,2416.2,3047.3,3369.3,2823.1,62587.3,4787.7,3899.8,117000.0,5467.3,474000.0,249000.0,5696.6,0.0,83638.4,22486.2,67230.3,10553.3,77524.3,84007.8,0.0,6535.8,0.0,57074.2,140000.0,12704.7,0.0,0.0,0.0,0.0,2710.2,548000.0,227000.0,17113.8,7855.9,51097.7,440.6,1854.4,10474.1,0.0,0.0,2298.7,0.0,0.0,305000.0,1609.0,418.1,2656.8,2001.8,100000.0,6406.2,0.0,253.3,7352.5,16684.1,326000.0,0.0,0.0,5653.7,206000.0,20784.2,8180000.0,21538.8,312.7,24831.1,347.7,401.2,0.0,0.0,210000.0,8012.7,11952.0
1988.0,0.0,33089.2,6084.3,1774.2,94608.7,225000.0,0.0,639.0,570000.0,240000.0,0.0,1700.6,305000.0,3920.2,3332.9,39054.8,46768.2,8485.6,7242.7,0.0,0.0,423.3,4489.0,8574.9,1190000.0,3750.0,9593.3,342.1,4406.0,1374.2,988000.0,399000.0,69339.4,764000.0,17463.6,17168.1,26344.3,6860.4,137000.0,566.4,302.5,13925.4,10223.6,0.0,2360000.0,302.1,224000.0,19483.8,87412.3,1360000.0,36306.2,78862.5,8330000.0,804000.0,0.0,9735.2,654000.0,157000.0,1875.8,1760000.0,9280.1,1590000.0,22453.9,11103.1,3172.6,723.9,552.1,223.6,190000.0,425.7,18555.4,1823.4,98039.1,7326.3,0.0,9929.2,0.0,269000.0,454000.0,74444.8,193000.0,46589.6,7930.9,89483.4,1660000.0,9282.2,10481.4,4280000.0,0.0,19953.5,4430.4,0.0,127.2,360.9,310000.0,0.0,1614.7,11572.7,0.0,0.0,816.8,18936.6,975.4,0.0,21767.9,0.0,6530.3,40604.9,0.0,6084.0,0.0,597000.0,0.0,4013.8,3688.3,7514.7,0.0,3813.9,2614.3,3099.7,3598.1,2912.8,68807.0,4826.6,4167.7,126000.0,4786.6,491000.0,248000.0,6135.1,0.0,83341.9,23827.3,72356.8,9141.2,70205.0,89680.5,0.0,6725.9,0.0,60435.0,150000.0,13456.2,0.0,0.0,0.0,0.0,2832.1,595000.0,256000.0,17057.2,7809.3,56853.2,446.1,1723.1,10670.8,0.0,0.0,2478.0,0.0,0.0,313000.0,1714.7,440.6,3068.1,2134.8,114000.0,7296.7,0.0,248.6,7064.3,16696.2,333000.0,0.0,11377.1,6121.1,212000.0,21092.0,8520000.0,23507.1,356.7,26106.2,341.8,395.5,0.0,0.0,218000.0,8516.0,12854.7
1989.0,0.0,33103.0,6682.8,1859.9,106000.0,209000.0,0.0,672.6,592000.0,249000.0,0.0,1723.6,316000.0,3808.3,3404.6,40162.6,45229.6,8516.4,7729.9,0.0,0.0,478.4,4508.9,8899.9,1230000.0,3885.0,9490.2,367.5,4981.4,1401.3,1010000.0,417000.0,76220.2,797000.0,17978.5,16855.8,26010.8,7038.8,142000.0,548.4,319.8,14714.4,11036.1,0.0,2450000.0,301.5,226000.0,20341.2,91258.4,1440000.0,36671.4,82743.2,8670000.0,843000.0,0.0,9700.0,628000.0,165000.0,2015.3,1840000.0,10073.1,1630000.0,20838.3,11667.7,3299.6,766.6,585.7,220.9,198000.0,441.7,19287.0,1733.8,100000.0,7526.2,0.0,9639.9,0.0,289000.0,481000.0,78772.9,205000.0,45136.7,7951.4,89997.7,1720000.0,9948.0,9356.9,4480000.0,0.0,20889.4,4554.0,0.0,122.9,380.7,331000.0,0.0,1843.8,6660.0,0.0,0.0,890.2,19372.0,1031.9,0.0,23900.8,0.0,6858.5,41760.6,0.0,6331.9,0.0,622000.0,0.0,4181.4,3990.0,7792.4,0.0,3973.3,2784.3,3247.8,3758.7,2951.9,75040.7,4916.3,4207.6,128000.0,4703.4,512000.0,251000.0,6400.7,0.0,83476.4,26628.7,75945.5,9284.1,61561.4,95245.4,0.0,6630.4,0.0,63054.8,160000.0,14389.5,0.0,0.0,0.0,1460000.0,2831.1,628000.0,255000.0,18580.6,8120.0,62628.7,465.1,1735.7,10773.4,0.0,0.0,2582.1,0.0,0.0,321000.0,1936.0,490.0,3218.0,2221.5,127000.0,6822.4,0.0,249.5,7005.6,16987.8,334000.0,0.0,11805.4,6510.5,220000.0,21324.9,8830000.0,24233.8,361.7,28028.8,347.1,410.1,0.0,0.0,224000.0,8428.8,13523.1
1990.0,0.0,31960.9,6042.9,1930.2,126000.0,204000.0,6352.0,692.9,613000.0,260000.0,22673.0,1783.9,326000.0,4150.1,3384.0,42420.7,41105.9,8894.4,7606.5,0.0,31609.7,533.1,4509.7,9312.4,1190000.0,3756.5,9593.6,407.5,5318.8,1371.2,1010000.0,432000.0,78761.1,828000.0,17781.5,15826.7,24302.3,7109.1,148000.0,576.3,322.0,15237.2,11853.2,145000.0,2580000.0,317.8,229000.0,19231.8,91988.5,1520000.0,38020.9,87432.3,8980000.0,875000.0,0.0,9964.5,692000.0,166000.0,2132.2,1890000.0,10596.1,1640000.0,17756.7,12056.1,3442.3,793.9,621.5,217.0,198000.0,459.4,19885.4,1680.6,104000.0,7736.3,0.0,9740.0,0.0,310000.0,508000.0,85442.3,233000.0,71233.7,8044.4,96581.2,1750000.0,10365.9,9331.0,4700000.0,96294.2,21765.1,4813.7,0.0,121.9,399.3,364000.0,0.0,1967.4,8427.1,0.0,0.0,978.2,20611.8,1094.3,0.0,25172.3,0.0,7405.8,43185.4,0.0,6530.0,0.0,654000.0,7693.3,4076.8,4241.0,8011.9,0.0,3846.8,2812.1,3190.3,4028.9,3120.0,81800.7,5017.0,4152.5,143000.0,4701.0,534000.0,255000.0,6697.4,0.0,83604.2,26593.9,79331.6,10036.0,58494.0,98138.0,0.0,6430.7,227000.0,61263.7,166000.0,14982.8,0.0,0.0,125000.0,1420000.0,2763.2,662000.0,294000.0,17564.2,8065.1,68779.5,475.3,1793.8,11294.0,0.0,0.0,2465.9,0.0,31023.5,323000.0,2343.0,524.3,3083.5,2216.1,142000.0,6781.5,0.0,244.4,7111.4,18338.3,365000.0,21.4,12637.1,6932.0,206000.0,21388.3,9000000.0,24621.6,376.8,29458.5,387.7,392.0,0.0,11726.5,223000.0,8388.2,14468.2
1991.0,0.0,32277.8,4350.7,1979.3,127000.0,222000.0,5608.8,707.9,610000.0,269000.0,22514.3,1873.0,332000.0,4325.5,3691.0,43899.1,37634.3,9893.2,7288.4,0.0,31230.3,594.2,4350.4,9802.9,1210000.0,3610.0,9895.4,405.8,5715.5,1363.7,991000.0,428000.0,84907.9,905000.0,17788.7,15223.9,22255.8,7279.4,151000.0,545.2,326.5,15582.4,11940.8,128000.0,2710000.0,322.1,232000.0,19413.3,90884.6,1640000.0,39652.5,88416.2,9220000.0,897000.0,0.0,9253.3,674000.0,157000.0,2074.7,1910000.0,11243.8,1620000.0,14010.0,12692.9,3532.2,818.5,653.1,214.8,204000.0,465.8,20612.8,1782.4,110000.0,7479.5,0.0,9923.1,92011.3,331000.0,513000.0,87091.0,262000.0,25610.6,8026.4,104000.0,1780000.0,10867.4,9481.1,4860000.0,85701.9,22078.2,4431.3,0.0,121.9,391.8,403000.0,0.0,2052.0,12594.0,0.0,0.0,981.9,21560.0,1170.6,0.0,27348.2,0.0,7676.7,46301.7,0.0,6118.2,0.0,682000.0,7218.5,4555.6,4506.3,7959.8,0.0,3512.3,2950.6,3247.3,4207.6,3392.3,89609.0,5426.7,4134.3,144000.0,4692.1,547000.0,263000.0,7123.9,0.0,82692.4,28209.3,83347.0,10981.3,59792.2,97570.4,0.0,7044.7,211000.0,62675.5,174000.0,15506.2,0.0,0.0,109000.0,1340000.0,2693.7,674000.0,338000.0,18883.5,8271.2,73379.9,503.8,1836.0,11462.7,0.0,0.0,2532.5,0.0,28262.4,320000.0,2384.2,538.7,3346.7,2200.6,154000.0,6300.0,0.0,260.1,7332.7,19054.3,368000.0,22.2,12898.9,7317.0,188000.0,22145.2,8990000.0,24500.4,381.0,31214.5,399.9,383.0,0.0,12464.5,221000.0,8385.2,15268.5
1992.0,0.0,30393.3,4038.0,1997.7,131000.0,240000.0,3264.3,716.1,613000.0,275000.0,17426.1,1892.0,337000.0,4453.4,3699.6,46288.4,34897.4,10555.1,7009.6,0.0,28232.2,665.9,4347.8,9964.3,1200000.0,3404.5,10366.3,424.5,5882.2,1276.1,1000000.0,428000.0,94389.3,1030000.0,17745.2,14752.0,19918.9,7469.6,157000.0,591.7,362.2,17015.5,13063.3,128000.0,2760000.0,328.6,237000.0,21591.7,92520.5,1820000.0,40490.9,92371.0,9350000.0,906000.0,0.0,8450.8,712000.0,151000.0,2201.2,1940000.0,10896.4,1630000.0,7719.5,13185.3,3647.8,846.2,660.3,289.4,205000.0,461.8,21610.2,1920.7,117000.0,7933.8,0.0,9396.2,89191.9,353000.0,541000.0,90002.7,269000.0,33957.6,7755.6,112000.0,1790000.0,11079.9,10841.7,4910000.0,81159.7,21901.7,3818.1,0.0,122.9,408.6,428000.0,44061.3,2166.0,14664.3,0.0,0.0,1060.0,22508.6,1252.0,0.0,27845.9,0.0,8697.6,45330.4,0.0,6190.5,0.0,706000.0,6744.6,4409.0,4717.7,8728.8,0.0,3187.2,2769.9,3308.2,4481.6,3143.6,97570.8,5816.8,4217.0,151000.0,4710.2,556000.0,273000.0,7416.4,0.0,83597.5,30582.8,89769.7,11881.9,59469.0,97899.8,0.0,8020.3,216000.0,65536.0,176000.0,15769.3,0.0,0.0,99203.7,1150000.0,2851.9,713000.0,352000.0,20125.6,8374.0,78252.1,567.8,1486.9,12267.2,0.0,0.0,2542.6,40872.7,26718.2,316000.0,2461.1,577.3,3614.5,2113.0,166000.0,4473.0,0.0,260.8,8072.8,20541.7,386000.0,22.8,12974.3,7567.1,170000.0,23901.6,9310000.0,21756.4,405.3,33913.3,410.2,382.2,0.0,13487.5,216000.0,8240.1,13892.0
1993.0,0.0,23103.9,4424.0,1977.1,133000.0,260000.0,2977.1,753.9,638000.0,276000.0,13400.6,1773.9,333000.0,4713.4,3827.6,48469.3,34380.9,11913.5,7031.2,0.0,26086.6,707.7,4478.6,10389.7,1260000.0,3431.5,10397.9,432.9,5994.9,1280.3,1030000.0,427000.0,101000.0,1180000.0,17711.1,13581.8,17236.0,7396.4,165000.0,609.5,393.8,18221.4,13154.7,128000.0,2730000.0,335.7,237000.0,23181.8,90577.6,2010000.0,41289.8,95050.5,9290000.0,896000.0,10074.2,9561.4,722000.0,150000.0,2248.1,1930000.0,11326.4,1670000.0,5457.7,13824.8,3831.8,871.7,674.2,321.3,202000.0,452.8,22458.8,2077.7,124000.0,8449.1,0.0,8886.3,88678.0,376000.0,567000.0,92426.1,272000.0,44243.3,7857.5,117000.0,1780000.0,12123.3,11328.1,4880000.0,73693.0,21979.0,3227.9,5084.9,124.0,436.3,458000.0,59037.9,2294.1,16243.0,0.0,0.0,1066.2,24061.7,1295.9,0.0,29015.6,0.0,9148.8,44994.7,0.0,6320.5,0.0,719000.0,6240.8,4548.9,4929.1,9255.9,0.0,3086.2,3063.5,3502.5,4709.3,3448.2,107000.0,5724.9,4230.6,148000.0,4691.7,563000.0,281000.0,7702.0,0.0,88940.5,32430.9,91347.6,12530.2,62587.3,99971.7,0.0,9480.2,224000.0,68579.8,172000.0,16547.7,0.0,0.0,101000.0,1050000.0,2620.6,744000.0,347000.0,21045.1,8482.9,87221.9,590.6,1507.4,12981.1,0.0,0.0,2372.3,41649.9,27477.9,309000.0,2537.6,613.1,3046.6,1794.0,180000.0,3739.4,0.0,270.5,8018.8,20991.5,416000.0,23.8,13130.7,8197.2,146000.0,24536.8,9560000.0,21256.0,422.6,36651.0,413.2,397.9,0.0,14027.3,219000.0,8800.2,14038.1
1994.0,0.0,23413.4,4791.4,2024.2,142000.0,275000.0,3137.8,804.3,663000.0,283000.0,10760.7,1706.0,344000.0,4808.6,3878.0,50354.8,35005.9,11883.8,7252.6,2758.3,23034.4,708.6,4505.4,10874.6,1330000.0,3500.5,10724.9,454.3,6212.4,1343.1,1070000.0,433000.0,106000.0,1330000.0,17854.7,13870.3,16563.8,6990.1,175000.0,577.4,469.3,19039.1,13930.8,132000.0,2800000.0,335.9,250000.0,23784.6,89762.4,2230000.0,43048.0,98827.0,9510000.0,918000.0,9908.7,9866.5,719000.0,156000.0,2362.7,1980000.0,11746.9,1740000.0,4890.1,14281.0,3983.9,873.0,695.8,374.9,206000.0,460.5,23364.8,2254.9,132000.0,8467.1,0.0,7824.4,91291.5,404000.0,604000.0,97746.0,268000.0,45948.7,8141.0,125000.0,1820000.0,12291.0,11891.3,4930000.0,64407.7,22557.7,2579.5,3314.9,126.1,459.5,500000.0,64018.5,2481.3,17559.5,0.0,0.0,1083.2,25409.2,1373.4,0.0,30124.2,0.0,9537.8,49758.7,0.0,6317.8,0.0,755000.0,6131.1,4720.8,5207.7,9948.1,0.0,3152.1,3263.6,3395.3,4904.1,3095.1,117000.0,5824.0,4309.0,145000.0,4848.3,580000.0,295000.0,8334.8,0.0,93493.5,33687.8,94761.6,12887.3,70290.7,104000.0,0.0,10043.5,236000.0,71450.6,174000.0,17427.7,4418.3,0.0,105000.0,918000.0,1303.8,790000.0,349000.0,21256.9,8481.5,96901.5,638.4,1478.0,13589.9,0.0,0.0,2452.9,44234.4,28941.8,322000.0,2598.5,608.2,3355.5,2062.8,194000.0,2942.9,0.0,283.9,8304.8,21658.7,397000.0,26.2,13336.6,8722.1,112000.0,26323.5,9950000.0,20150.7,417.3,39890.6,450.8,387.8,0.0,14970.2,226000.0,8041.1,15334.5
1995.0,0.0,26925.4,5429.7,2080.0,151000.0,267000.0,3354.4,769.2,688000.0,290000.0,9490.9,1570.9,352000.0,5099.3,4099.6,52933.6,36005.3,12350.8,7570.1,3332.1,20638.9,713.3,4703.6,11383.3,1380000.0,3571.0,11205.3,486.5,6649.1,1439.8,1100000.0,435000.0,115000.0,1480000.0,19127.0,14351.6,16679.8,7268.7,184000.0,598.2,536.0,19823.8,15095.8,140000.0,2840000.0,346.0,257000.0,25136.9,93173.4,2440000.0,44017.7,103000.0,9740000.0,943000.0,10357.3,10471.0,739000.0,163000.0,2421.8,2020000.0,12331.2,1780000.0,5017.3,14868.3,4167.4,880.7,726.4,440.5,210000.0,470.3,24521.0,2368.4,135000.0,8991.1,39820.5,8598.8,92651.3,437000.0,650000.0,107000.0,274000.0,46922.8,8150.5,139000.0,1870000.0,12579.9,12628.7,5060000.0,59126.2,23551.6,2439.6,3643.2,126.1,484.2,548000.0,67128.7,2655.7,18691.9,0.0,0.0,1102.1,26806.7,1418.6,19338.6,30555.7,12791.2,9852.2,47069.0,4794.2,6423.8,1168.9,707000.0,6062.8,4764.3,5538.0,10639.3,0.0,3353.1,3337.4,3728.7,5114.4,3612.9,129000.0,6051.0,4414.9,145000.0,5134.9,598000.0,307000.0,8623.8,0.0,97908.3,35371.1,99464.3,13113.0,75500.3,109000.0,0.0,9710.8,253000.0,74700.8,181000.0,18616.8,4732.9,0.0,111000.0,880000.0,1763.1,845000.0,349000.0,22531.7,8936.4,104000.0,702.8,1359.8,14233.3,23364.3,0.0,2452.9,46819.3,30130.5,334000.0,2723.9,603.2,3397.0,2224.6,210000.0,2577.5,0.0,304.8,8621.2,22168.0,428000.0,24.9,13812.7,9727.1,98772.3,25942.4,10200000.0,19969.3,449.7,43696.3,455.3,413.6,0.0,15818.9,233000.0,8274.1,15358.7
1996.0,0.0,30572.3,5923.8,2176.8,160000.0,282000.0,3551.1,820.0,715000.0,297000.0,9614.3,1445.2,357000.0,5319.8,4551.2,55327.8,37855.6,12858.4,7889.9,6296.2,21216.8,723.4,4825.9,11879.8,1410000.0,3713.0,11527.8,513.5,7036.8,1382.2,1120000.0,437000.0,123000.0,1620000.0,20605.4,14977.4,16509.1,7580.5,188000.0,590.5,596.8,20069.2,15284.3,146000.0,2860000.0,356.8,265000.0,26639.5,96993.5,2660000.0,44780.0,109000.0,9910000.0,968000.0,10868.5,11772.2,763000.0,169000.0,2538.1,2050000.0,12778.2,1820000.0,5579.2,15552.7,4353.4,900.3,810.7,733.7,216000.0,491.1,25246.3,2556.8,141000.0,9159.3,42172.0,8954.9,92727.7,471000.0,699000.0,115000.0,288000.0,52094.1,8523.3,146000.0,1890000.0,12565.6,12892.2,5220000.0,59421.9,24528.3,2612.5,3858.1,128.3,512.5,592000.0,67534.9,2839.7,20801.5,0.0,0.0,1134.4,27825.3,1498.0,20336.1,30979.9,13119.8,9810.9,52892.8,4512.5,6562.2,1260.8,755000.0,6134.6,5100.4,5747.1,11324.7,0.0,3428.0,3711.3,3945.6,5400.2,3877.3,141000.0,6244.1,4419.4,151000.0,5460.7,619000.0,322000.0,9083.4,0.0,101000.0,36448.5,104000.0,13648.0,77613.5,116000.0,0.0,10461.8,268000.0,76429.2,187000.0,18909.7,4790.4,0.0,116000.0,847000.0,1987.8,903000.0,359000.0,23865.3,9116.2,112000.0,714.1,1383.6,14349.7,24827.9,0.0,2477.5,49918.7,31095.6,340000.0,2828.5,632.8,3472.2,2421.2,222000.0,2147.1,0.0,310.4,9236.3,23752.2,459000.0,23.4,14440.4,10609.6,88895.1,27389.4,10600000.0,20308.8,455.5,47777.6,465.9,443.3,0.0,16552.1,243000.0,8788.7,16950.0
1997.0,0.0,32796.2,5276.9,2374.1,173000.0,305000.0,3669.0,864.9,744000.0,303000.0,10172.0,1422.2,371000.0,5624.9,4838.7,57812.0,32482.8,13256.1,8052.6,8461.4,23635.5,749.3,5047.9,12468.4,1460000.0,3889.0,11358.2,541.1,7622.6,1455.4,1080000.0,448000.0,132000.0,1770000.0,21376.8,15761.0,15581.8,7533.2,194000.0,614.3,663.2,21186.0,15687.9,145000.0,2920000.0,364.6,273000.0,29006.5,98060.4,2850000.0,46718.0,115000.0,10200000.0,1000000.0,12286.5,12141.1,808000.0,180000.0,2482.2,2100000.0,13511.5,1890000.0,6166.1,16205.3,4579.0,944.4,863.3,1834.1,226000.0,515.8,26348.0,2714.8,148000.0,9580.5,44788.1,9197.1,95642.2,494000.0,728000.0,128000.0,290000.0,63157.8,9014.2,152000.0,1930000.0,12422.3,13318.8,5280000.0,60432.0,24644.8,2871.5,4012.7,130.4,547.5,628000.0,69205.3,3034.9,21020.9,0.0,0.0,1126.5,29607.7,1553.5,22026.3,32748.8,14282.7,9783.5,52067.3,4586.8,6804.6,1366.7,807000.0,6223.0,5346.7,6049.3,11964.8,3059.0,3561.6,4130.7,3786.0,5707.3,4024.3,152000.0,6507.6,4486.9,155000.0,5677.3,646000.0,339000.0,9541.9,0.0,104000.0,38647.6,105000.0,14529.8,82640.4,122000.0,0.0,10053.3,286000.0,80159.0,196000.0,19712.0,5493.0,0.0,110000.0,859000.0,2263.1,938000.0,363000.0,26387.1,9401.0,121000.0,707.6,1302.3,14799.6,26617.4,0.0,2618.7,52876.8,32665.8,350000.0,2916.3,708.5,3668.5,2769.3,216000.0,2183.2,0.0,314.1,9931.1,25044.5,494000.0,25.8,14949.5,11150.7,86228.2,29730.6,11100000.0,21364.8,471.5,51672.4,488.7,446.2,0.0,17418.0,249000.0,9123.9,17404.4
1998.0,0.0,34334.7,5742.9,2450.0,174000.0,316000.0,3936.9,905.8,778000.0,314000.0,11189.2,1489.8,378000.0,5847.7,5192.3,60804.9,33874.8,13891.1,8432.4,9781.4,25620.8,777.2,5244.8,13095.4,1470000.0,4034.0,11294.8,573.1,7656.5,1523.8,1110000.0,461000.0,138000.0,1910000.0,22430.8,16470.6,15328.7,7814.7,195000.0,622.2,746.2,22660.9,16646.6,145000.0,2970000.0,378.3,279000.0,30954.1,103000.0,2900000.0,48244.1,121000.0,10500000.0,1050000.0,12818.5,11721.2,848000.0,189000.0,2514.5,2170000.0,13981.4,1960000.0,6357.5,16967.0,4745.8,977.5,620.7,2270.2,235000.0,576.4,27663.7,2669.3,139000.0,9924.4,45814.1,9397.7,99372.3,429000.0,773000.0,139000.0,296000.0,85172.8,9653.8,157000.0,1960000.0,12132.3,13719.9,5220000.0,59283.8,25455.6,2932.4,4200.5,139.0,544.8,596000.0,71739.6,3155.3,21791.5,0.0,0.0,1197.3,30998.8,1577.4,23672.9,34728.3,15188.4,9336.3,55836.2,4286.7,7071.1,1469.1,849000.0,6433.2,5751.6,6359.3,12666.6,3208.8,3680.6,4540.9,3891.2,6053.9,4181.1,141000.0,6721.9,4934.3,159000.0,5888.0,676000.0,348000.0,9829.8,0.0,104000.0,39668.8,108000.0,15596.5,82316.8,121000.0,0.0,9674.4,299000.0,84592.4,205000.0,19725.4,6280.4,0.0,108000.0,813000.0,2463.6,991000.0,373000.0,27524.0,9955.5,118000.0,716.8,1325.5,15192.4,27506.6,0.0,2678.9,55032.1,33737.1,365000.0,2992.2,768.1,3923.5,2705.6,199000.0,2299.1,0.0,321.9,10738.0,26242.6,506000.0,29.8,15503.9,11697.7,84589.9,31074.1,11600000.0,22283.5,490.7,54651.1,494.5,456.0,0.0,18464.2,250000.0,9088.7,17906.5
1999.0,0.0,35083.7,6483.1,2550.4,179000.0,306000.0,4066.8,939.4,817000.0,326000.0,12017.2,1474.7,391000.0,6160.0,5576.3,63644.6,31069.6,14488.4,9034.8,10720.4,26491.9,845.4,5422.2,13151.3,1470000.0,4047.5,11639.5,618.9,8396.6,1578.7,1150000.0,469000.0,137000.0,2060000.0,22793.6,17177.5,14674.2,7612.9,187000.0,634.1,829.9,23554.5,17478.6,147000.0,3030000.0,379.7,287000.0,32792.8,106000.0,3080000.0,45957.6,128000.0,10800000.0,1100000.0,12766.8,12326.3,851000.0,198000.0,2735.8,2250000.0,12732.5,2030000.0,6539.9,17713.6,4926.7,1040.0,627.1,2852.8,242000.0,616.2,28728.0,2748.3,142000.0,9851.4,45379.7,9652.4,102000.0,432000.0,841000.0,153000.0,299000.0,100000.0,10044.2,162000.0,1990000.0,12259.4,14185.0,5200000.0,60884.5,26042.5,3039.6,4734.2,136.8,562.4,664000.0,70456.2,3385.8,21677.0,0.0,46322.1,1229.3,32331.9,1584.9,23402.7,37673.6,15604.7,9116.1,56440.0,4142.3,7403.4,1559.9,872000.0,6712.4,6079.5,6659.5,14053.0,2907.2,3793.6,5072.1,4034.1,6211.9,4308.3,149000.0,6948.3,4923.5,160000.0,6302.3,710000.0,355000.0,10263.5,0.0,110000.0,39800.3,112000.0,16207.4,83547.4,125000.0,0.0,9853.9,313000.0,89151.7,213000.0,19455.9,6800.4,0.0,107000.0,865000.0,2570.8,1070000.0,359000.0,28378.4,10587.4,125000.0,713.3,1299.3,15520.6,24914.3,0.0,2641.4,54973.8,35536.2,381000.0,3080.5,782.4,3896.7,2772.7,208000.0,2384.2,0.0,333.8,11599.7,27831.5,490000.0,29.3,16257.9,12639.8,84420.7,30471.5,12100000.0,23241.7,504.0,57259.9,496.2,465.9,0.0,19161.3,256000.0,9511.3,17760.1
2000.0,0.0,36155.4,6933.7,2640.4,198000.0,303000.0,4306.7,997.7,849000.0,336000.0,13351.1,1462.1,406000.0,6520.8,5681.6,67013.5,32555.4,15256.3,9409.7,11310.0,28028.5,955.5,5927.4,13481.1,1540000.0,4227.5,11971.2,661.8,8563.5,1539.4,1210000.0,487000.0,145000.0,2230000.0,22322.2,17787.9,13660.0,8189.7,193000.0,702.9,948.5,24457.4,18521.2,153000.0,3120000.0,388.6,298000.0,34321.5,110000.0,3310000.0,46459.4,136000.0,11200000.0,1150000.0,14057.1,13074.9,879000.0,209000.0,2689.3,2330000.0,12492.7,2100000.0,6660.2,18369.0,5050.0,1097.2,661.1,3372.4,252000.0,646.3,29764.7,2710.8,153000.0,10569.7,46678.4,9736.4,107000.0,453000.0,873000.0,168000.0,316000.0,102000.0,10535.5,174000.0,2070000.0,12367.1,14787.2,5350000.0,66851.2,26198.6,3205.1,5241.4,145.4,618.5,725000.0,73763.8,3582.2,21967.9,1749.8,48026.3,1229.9,34271.8,1646.3,24267.5,40777.9,16489.8,9640.0,57519.7,4229.6,7733.4,1619.8,915000.0,7017.7,6075.8,7110.4,15984.7,2997.3,3837.0,5132.0,3876.1,6721.5,4376.2,163000.0,7191.0,4864.0,168000.0,6560.8,740000.0,367000.0,10899.8,0.0,113000.0,42407.7,117000.0,16647.5,85798.5,130000.0,178.5,9608.1,327000.0,92068.7,221000.0,19005.7,6218.6,36044.3,110000.0,952000.0,2786.0,1110000.0,379000.0,30179.2,10926.1,136000.0,611.5,1385.8,15695.4,26442.0,0.0,2696.9,55615.1,36841.2,399000.0,3134.8,794.3,3862.4,2751.0,218000.0,2582.7,566.7,336.7,12400.2,29142.3,524000.0,29.0,16992.9,13036.9,89401.5,29883.4,12600000.0,24133.0,512.3,61146.3,525.6,498.2,3146.8,20345.9,267000.0,9882.0,17216.8
2001.0,0.0,37676.1,7508.5,2854.8,201000.0,290000.0,4720.2,952.3,866000.0,341000.0,14672.8,1492.1,410000.0,6868.6,6057.3,70415.9,33798.1,15636.3,9656.7,11807.7,29352.9,1000.3,6355.5,13708.1,1560000.0,4127.5,12299.6,717.1,8585.0,1608.1,1220000.0,494000.0,149000.0,2420000.0,22349.3,18564.8,13373.2,8501.1,196000.0,719.3,969.6,25311.1,19253.3,157000.0,3170000.0,388.3,301000.0,35165.7,114000.0,3530000.0,48325.0,141000.0,11500000.0,1200000.0,14897.6,14160.3,913000.0,215000.0,2743.0,2380000.0,12759.5,2160000.0,6980.2,19103.7,5234.8,1160.9,675.6,5509.9,262000.0,633.2,30459.0,2772.6,154000.0,10857.5,48059.0,9703.9,111000.0,470000.0,915000.0,177000.0,319000.0,104000.0,10946.2,175000.0,2110000.0,12533.4,15566.5,5370000.0,75876.1,27188.9,3375.6,5631.7,143.2,651.3,760000.0,73921.1,3788.2,22811.3,1800.9,47179.7,1188.0,33742.2,1704.9,25851.2,41810.4,17532.4,9918.5,61730.1,4487.6,8195.9,1556.0,912000.0,6802.5,7010.0,7026.8,17798.0,3030.3,3950.3,5752.3,3845.1,6946.5,4158.4,163000.0,7275.7,5217.5,178000.0,6755.1,757000.0,374000.0,11423.0,0.0,117000.0,44308.7,121000.0,16743.1,86328.6,134000.0,190.0,9596.4,331000.0,97881.4,226000.0,18847.2,5639.6,37449.4,116000.0,1000000.0,3022.4,1160000.0,375000.0,32141.0,11426.6,135000.0,562.8,1297.8,15833.1,28260.9,121.7,2810.1,57424.7,38026.2,405000.0,3167.8,776.3,4312.7,2773.7,225000.0,2830.1,659.3,349.4,12917.2,30248.6,493000.0,29.5,18024.5,13712.7,97629.8,28734.7,12700000.0,25137.9,521.1,64933.0,507.7,532.7,3995.6,21119.7,274000.0,10407.4,17464.6
2002.0,7465.1,42824.8,7849.4,2984.6,206000.0,258000.0,5343.2,962.1,900000.0,346000.0,16057.8,1558.5,417000.0,7187.5,6321.0,73115.1,35810.1,16159.9,9917.9,12433.5,30833.8,1047.6,6261.6,14048.9,1610000.0,4160.0,12775.9,795.9,9106.1,1666.3,1270000.0,494000.0,154000.0,2640000.0,21976.6,19351.5,13767.4,8890.6,201000.0,736.0,1020.5,26144.2,19970.1,160000.0,3160000.0,377.3,302000.0,36746.4,120000.0,3810000.0,50304.8,145000.0,11600000.0,1230000.0,15911.0,14374.8,913000.0,218000.0,2830.8,2410000.0,12727.7,2210000.0,7362.3,19963.4,5505.2,1123.1,669.0,6582.2,272000.0,655.0,31636.7,2804.0,157000.0,11265.2,50787.9,9793.6,117000.0,491000.0,950000.0,187000.0,342000.0,96728.7,11020.8,175000.0,2110000.0,12783.7,16466.8,5380000.0,83311.9,27337.6,3375.1,6002.2,148.7,660.3,818000.0,76149.3,4012.4,23592.2,1868.7,46727.3,1192.9,35079.9,1717.3,27596.6,43407.3,18774.2,10805.9,63656.9,4837.7,7178.9,1669.1,911000.0,6904.1,7227.7,7207.1,19938.4,3088.0,4137.3,6286.7,3898.2,7058.7,4229.1,172000.0,7624.1,5474.1,206000.0,6806.0,758000.0,380000.0,11436.7,0.0,123000.0,43820.9,124000.0,17116.4,91036.6,139000.0,196.8,9581.2,338000.0,98778.4,227000.0,18843.1,4935.2,40139.0,122000.0,1050000.0,3421.1,1200000.0,364000.0,34206.8,11501.4,140000.0,547.0,1640.7,16083.4,30064.1,124.6,2888.8,60014.2,39359.3,413000.0,3306.6,785.7,4678.9,2879.8,239000.0,3136.8,615.2,366.3,13942.3,30648.7,525000.0,31.8,19303.1,14910.2,103000.0,26512.9,13000000.0,26136.7,554.0,69037.3,481.3,555.9,3967.6,21950.8,284000.0,10876.4,15911.3
2003.0,8124.5,44105.2,8283.5,3244.1,224000.0,281000.0,6091.3,1020.5,927000.0,350000.0,17697.0,1539.4,422000.0,7435.0,6814.2,76580.4,37655.0,17177.4,9792.5,12930.8,33005.5,1145.4,6475.1,14429.8,1630000.0,4250.5,13146.9,858.1,9527.3,1576.4,1310000.0,495000.0,160000.0,2900000.0,21677.8,20235.3,14535.3,8962.9,209000.0,751.5,1063.2,27256.8,20494.0,166000.0,3140000.0,401.3,303000.0,36251.9,129000.0,4140000.0,51674.5,149000.0,11700000.0,1270000.0,17115.0,14064.1,890000.0,223000.0,2859.1,2430000.0,13013.7,2290000.0,8176.5,21001.5,5573.9,1200.3,672.8,7500.8,288000.0,716.9,32437.4,2786.3,162000.0,11777.4,53650.2,10122.6,121000.0,515000.0,1030000.0,193000.0,372000.0,64710.7,11270.8,176000.0,2120000.0,13252.4,17152.1,5460000.0,91059.9,28139.3,3612.3,6512.7,151.6,634.3,844000.0,89343.0,4255.9,24353.6,1305.4,52809.3,1243.8,37163.8,1795.6,30512.4,44114.5,20357.7,12065.1,67451.6,5157.0,7881.4,1898.5,924000.0,7057.5,7886.8,7500.7,22698.6,3164.7,4427.1,6719.2,4168.3,7476.9,4470.4,182000.0,7947.3,5593.0,221000.0,6977.5,760000.0,383000.0,11887.9,0.0,128000.0,42651.5,131000.0,17836.2,94828.3,146000.0,190.3,9788.5,350000.0,98831.2,225000.0,19657.3,5626.9,41632.2,125000.0,1120000.0,3496.4,1290000.0,405000.0,36852.5,12270.1,147000.0,582.7,1793.5,16334.6,31383.2,132.8,3070.8,63314.4,40524.4,423000.0,3434.9,739.4,5367.7,3073.3,256000.0,3479.6,601.7,374.8,15955.8,32089.9,556000.0,30.7,20591.1,15875.4,113000.0,26726.4,13300000.0,27243.0,596.6,73800.3,501.9,581.0,4204.9,22773.4,293000.0,11631.7,13207.2
2004.0,8239.3,48935.9,8739.9,3508.0,245000.0,306000.0,6730.9,1079.4,965000.0,359000.0,19334.6,1613.8,437000.0,7764.4,7119.4,80592.9,40080.7,18376.6,9878.9,13719.6,36784.6,1200.2,6625.5,15032.0,1720000.0,4310.5,13213.2,909.7,9785.1,1670.9,1370000.0,508000.0,172000.0,3200000.0,21944.8,21607.4,15514.7,9274.5,220000.0,766.0,1171.6,28438.8,21524.1,174000.0,3180000.0,413.6,311000.0,37183.7,134000.0,4510000.0,55917.5,155000.0,11900000.0,1310000.0,18273.2,15973.0,1020000.0,232000.0,3010.7,2500000.0,13103.5,2340000.0,8650.2,22177.6,5704.3,1284.9,691.3,10351.0,303000.0,712.3,33459.8,2829.8,176000.0,12511.4,55879.1,9997.8,127000.0,540000.0,1110000.0,206000.0,388000.0,99756.6,12177.2,184000.0,2150000.0,13427.9,18621.6,5580000.0,99801.7,29575.6,3866.2,7186.2,149.2,659.6,888000.0,98492.0,4526.4,25980.2,1339.6,55165.5,1334.2,39187.4,1826.0,32516.9,45708.0,22088.4,15293.2,70687.3,5538.6,8295.7,2013.1,961000.0,7387.4,8009.9,7511.2,25777.6,3304.7,4897.5,7251.1,4365.6,7800.7,4712.8,194000.0,8922.4,5613.3,241000.0,7348.2,775000.0,398000.0,12444.6,39.2,133000.0,43202.7,141000.0,19177.9,99530.0,156000.0,199.6,10054.9,367000.0,107000.0,229000.0,20454.9,6860.7,49633.5,138000.0,1200000.0,3756.8,1390000.0,437000.0,38283.6,12990.4,161000.0,621.5,1911.8,16480.1,34216.6,137.9,3331.8,66656.7,42290.9,441000.0,3559.4,718.3,7172.9,3043.3,272000.0,3840.5,604.1,365.7,17224.3,34091.0,610000.0,30.3,22136.2,16956.0,126000.0,28063.8,13800000.0,29272.4,621.4,79362.1,522.0,607.9,4314.7,23678.2,306000.0,12449.7,12440.2
2005.0,9164.6,56290.5,9223.2,3697.3,257000.0,334000.0,7666.5,1149.3,996000.0,367000.0,24740.9,1628.3,447000.0,7897.4,7736.0,85860.4,42947.9,19620.5,10214.3,14921.3,40242.3,1223.7,6736.4,15696.6,1770000.0,4481.0,13264.4,976.0,10231.0,1686.0,1430000.0,524000.0,182000.0,3560000.0,22322.5,22044.1,16466.6,9993.8,230000.0,787.7,1252.6,29539.6,22568.6,185000.0,3200000.0,416.3,319000.0,40689.4,142000.0,4950000.0,58876.3,162000.0,12100000.0,1350000.0,20007.4,17860.8,1090000.0,238000.0,3031.7,2540000.0,13454.2,2420000.0,9479.8,23486.0,5875.3,1254.7,720.8,12084.7,304000.0,806.9,34550.7,2774.6,189000.0,13268.4,58286.7,10359.4,133000.0,571000.0,1190000.0,217000.0,400000.0,104000.0,12948.0,191000.0,2170000.0,13547.9,20138.6,5670000.0,109000.0,31322.5,3859.4,8138.3,156.6,723.8,926000.0,109000.0,4848.2,26678.0,1410.3,61714.0,1328.7,41633.3,1889.3,35031.2,47158.1,24457.4,16525.7,73014.1,5954.0,8690.2,1748.8,983000.0,7736.4,8533.3,7765.4,29275.4,3442.9,5252.8,7733.0,4739.5,7939.3,4866.8,205000.0,9148.1,6024.9,257000.0,7662.9,791000.0,409000.0,12877.6,39.2,138000.0,44278.5,150000.0,20557.0,106000.0,163000.0,207.5,10692.8,380000.0,105000.0,231000.0,20891.3,7635.3,53352.4,145000.0,1280000.0,4109.1,1500000.0,462000.0,41151.0,13720.8,173000.0,655.9,1997.9,16926.3,36108.9,147.7,3481.8,71071.7,43897.1,454000.0,3772.9,783.0,8416.1,2901.3,284000.0,4095.7,622.4,366.0,18293.7,35279.5,665000.0,29.2,23791.2,18029.8,130000.0,30157.4,14300000.0,31306.8,636.9,85351.8,549.7,633.1,4575.0,25002.2,322000.0,13350.5,11729.7
2006.0,9655.6,62790.7,9767.4,3875.1,283000.0,360000.0,8678.4,1295.3,1020000.0,380000.0,33268.2,1716.5,458000.0,8208.8,8219.8,91588.9,45869.3,20889.3,10471.4,15729.2,44266.6,1282.6,7109.8,16449.6,1850000.0,4745.5,13847.7,1044.3,11086.7,1766.5,1490000.0,545000.0,193000.0,4020000.0,22660.9,22806.3,17342.8,10792.0,246000.0,808.5,1352.6,31677.6,23632.5,197000.0,3330000.0,435.7,331000.0,44422.4,145000.0,5480000.0,61468.9,173000.0,12500000.0,1410000.0,21951.9,19795.9,1180000.0,248000.0,3087.9,2600000.0,13076.6,2480000.0,10372.7,24989.1,5943.7,1247.7,737.5,13015.8,322000.0,774.6,36409.4,2916.9,202000.0,14139.8,61197.1,10540.2,138000.0,603000.0,1290000.0,228000.0,420000.0,115000.0,13627.6,202000.0,2200000.0,13940.7,21768.4,5750000.0,121000.0,33349.9,3979.1,9014.9,156.5,746.6,975000.0,117000.0,5266.0,27091.4,1523.8,65725.8,1411.0,44825.9,1969.2,37628.5,49600.2,27388.9,18726.0,78544.6,6239.8,9159.4,2205.4,1030000.0,8133.8,8931.1,7960.3,33103.4,3737.8,5702.2,8482.6,5608.5,8325.6,5095.6,216000.0,9795.2,6382.2,272000.0,7981.1,818000.0,419000.0,13310.8,41.6,142000.0,46657.1,159000.0,22335.7,114000.0,172000.0,206.6,11271.3,403000.0,104000.0,235000.0,21895.6,7559.2,67314.8,156000.0,1390000.0,4488.3,1610000.0,474000.0,45292.5,14058.6,188000.0,687.8,2082.3,17661.4,37953.2,161.1,3683.5,77108.0,46419.6,475000.0,3999.0,856.7,8470.7,2978.1,298000.0,4384.4,596.8,365.5,20709.9,37129.7,711000.0,29.8,25345.3,19974.3,140000.0,31393.5,14700000.0,33639.6,685.8,91307.6,596.2,645.6,4781.0,25794.8,340000.0,14405.7,11323.7
2007.0,10990.6,71587.7,10351.5,3935.3,292000.0,393000.0,9867.4,1416.0,1060000.0,394000.0,41739.3,1775.8,475000.0,8700.3,8557.7,98053.8,48877.0,22621.9,10622.9,16650.7,48073.5,1289.2,7347.7,17200.4,1960000.0,4850.0,13869.1,1236.1,12004.3,1847.9,1600000.0,567000.0,203000.0,4590000.0,23060.9,23924.3,18428.3,10078.2,263000.0,815.0,1557.8,34265.0,24837.3,208000.0,3420000.0,463.3,334000.0,47716.8,150000.0,6140000.0,62815.1,186000.0,12900000.0,1460000.0,23614.4,22063.8,1260000.0,261000.0,3061.6,2660000.0,13862.2,2540000.0,11677.5,26075.4,6349.5,1285.7,761.5,15004.9,332000.0,822.1,38704.7,3126.7,215000.0,15014.8,64298.3,11127.3,138000.0,641000.0,1390000.0,241000.0,454000.0,116000.0,14903.9,213000.0,2240000.0,14140.3,23548.3,5850000.0,132000.0,35634.6,4319.1,9935.6,159.7,751.1,1030000.0,124000.0,5666.1,29613.8,1669.1,69900.9,1434.9,47872.6,2064.4,41808.1,53744.0,30135.2,21431.4,81318.5,6427.0,9682.4,2375.6,1050000.0,8660.3,9243.2,8340.4,37073.0,3992.4,6286.6,9138.3,5498.0,8802.4,5584.7,230000.0,10321.6,6582.8,290000.0,8386.2,849000.0,431000.0,13765.0,32.1,146000.0,48734.6,167000.0,25012.4,123000.0,183000.0,210.8,12152.2,432000.0,103000.0,241000.0,23082.7,7845.6,79421.8,168000.0,1500000.0,4830.9,1730000.0,483000.0,50511.1,14752.9,205000.0,718.5,2250.1,17990.0,40397.2,166.4,3871.8,85460.3,49659.8,491000.0,4176.3,946.0,8747.8,2943.1,314000.0,4724.6,657.9,366.5,21694.5,39620.9,747000.0,31.7,27060.8,21654.6,150000.0,33447.1,15000000.0,36826.3,708.7,97817.4,627.0,686.4,5129.4,26656.0,359000.0,15608.9,10910.0
2008.0,11422.0,79581.3,11127.8,3716.6,301000.0,409000.0,10548.2,1415.8,1100000.0,400000.0,46160.1,1862.1,477000.0,9126.3,9054.1,104000.0,51851.4,24034.6,10376.1,17556.9,52977.0,1334.1,7210.6,18258.0,2060000.0,4884.0,13600.1,1295.4,12754.0,1885.8,1610000.0,580000.0,210000.0,5030000.0,23647.3,24758.9,19575.7,10713.8,271000.0,847.6,1661.4,35858.2,25743.0,214000.0,3460000.0,496.3,332000.0,49248.2,153000.0,6660000.0,66808.4,199000.0,12900000.0,1470000.0,22412.7,24444.2,1330000.0,263000.0,3093.3,2670000.0,13403.6,2540000.0,11960.0,28461.2,6612.2,1366.1,785.9,17675.6,331000.0,829.9,39974.6,3181.6,220000.0,15650.2,65515.8,11403.0,140000.0,679000.0,1430000.0,230000.0,456000.0,126000.0,15200.8,220000.0,2220000.0,14025.5,25251.4,5780000.0,136000.0,35717.4,4681.9,10600.4,156.3,797.1,1060000.0,127000.0,6109.4,32299.5,1788.3,71765.4,1505.9,50721.1,2203.5,42901.1,53056.3,29132.5,22158.8,86135.2,6928.3,10332.4,2600.9,1060000.0,9134.2,9684.4,8659.5,40875.0,4280.7,6846.1,9807.0,5479.8,9276.6,6011.4,241000.0,10595.1,7091.7,310000.0,8674.3,867000.0,433000.0,14605.3,39.2,145000.0,52730.9,170000.0,27477.5,135000.0,191000.0,198.6,12116.2,450000.0,101000.0,241000.0,24550.5,8428.4,93450.5,183000.0,1580000.0,5370.1,1790000.0,513000.0,54452.0,15351.3,209000.0,760.2,2371.6,18452.5,42681.9,180.0,4032.2,90224.6,51402.8,489000.0,4210.6,925.7,9014.8,3062.7,319000.0,5098.3,732.4,383.9,22430.4,41300.0,753000.0,34.2,28599.6,23540.4,154000.0,35847.3,15000000.0,40151.4,720.0,103000.0,667.5,693.3,5452.9,27628.3,370000.0,16822.3,8982.3
2009.0,13865.2,80264.7,11500.6,3519.5,285000.0,385000.0,9060.9,1246.4,1120000.0,385000.0,50484.9,1933.1,468000.0,9337.9,9322.2,109000.0,50101.5,24645.1,9942.8,17029.4,53082.9,1337.1,6804.8,18870.9,2050000.0,4636.0,13360.1,1382.8,11778.0,2047.8,1570000.0,567000.0,206000.0,5500000.0,24416.2,25303.3,20134.6,11960.6,274000.0,874.7,1640.3,35510.2,25224.2,204000.0,3260000.0,490.5,316000.0,49714.2,156000.0,7170000.0,67186.8,208000.0,12400000.0,1420000.0,19177.7,26595.9,1370000.0,241000.0,3050.4,2590000.0,13421.1,2430000.0,11523.4,29840.0,6538.3,1457.2,812.4,17913.0,317000.0,775.0,40184.9,3296.5,214000.0,15269.6,60717.7,12122.9,130000.0,711000.0,1540000.0,218000.0,460000.0,130000.0,14170.6,222000.0,2100000.0,13417.3,26519.9,5470000.0,138000.0,36898.5,4817.1,10609.6,157.6,764.8,1070000.0,118000.0,6567.8,35604.4,1883.1,71198.4,1463.3,52516.1,2251.0,36535.2,50743.8,24978.3,22451.6,89790.6,6512.6,9921.3,2412.9,1010000.0,9101.5,10149.8,8561.3,45187.3,4032.7,6759.2,10426.7,5485.2,9584.2,6512.0,237000.0,10626.4,7230.9,335000.0,8388.7,835000.0,426000.0,15267.3,42.8,144000.0,55954.0,174000.0,27819.1,136000.0,194000.0,185.5,12940.1,463000.0,98789.6,234000.0,24487.2,9152.7,105000.0,173000.0,1460000.0,5705.6,1910000.0,503000.0,56217.2,15672.5,209000.0,779.6,2447.2,18067.6,41516.0,184.4,4153.7,85302.4,47522.7,468000.0,4276.5,915.4,9395.1,3232.3,317000.0,5296.8,805.6,363.9,21445.3,42556.9,717000.0,32.7,30106.5,25141.5,131000.0,37368.5,14600000.0,43383.9,704.9,109000.0,689.6,660.0,5648.9,28696.5,364000.0,18373.4,10061.9
2010.0,15856.6,83799.5,11926.9,3450.0,290000.0,424000.0,9260.3,1148.7,1150000.0,392000.0,52902.7,2032.1,481000.0,9535.3,10109.6,115000.0,50381.8,25713.3,10095.8,17176.8,57222.5,1377.2,6634.5,19649.6,2210000.0,4530.0,13707.4,1548.0,12786.7,2142.6,1610000.0,584000.0,219000.0,6090000.0,24908.8,26169.3,21565.7,13148.4,287000.0,908.0,1664.3,37268.6,25732.4,209000.0,3400000.0,493.8,322000.0,53860.2,161000.0,7870000.0,69555.4,219000.0,12600000.0,1420000.0,19693.6,29933.8,1430000.0,249000.0,3140.5,2640000.0,14372.6,2480000.0,12243.5,32197.3,6853.5,1543.3,849.9,16314.4,299000.0,771.0,41338.0,3432.9,229000.0,15839.3,59918.3,11661.6,132000.0,755000.0,1680000.0,222000.0,487000.0,138000.0,13683.7,234000.0,2130000.0,13220.6,27133.8,5700000.0,148000.0,40000.1,4794.4,11242.3,156.1,760.2,1140000.0,115000.0,7127.8,38443.9,1998.0,74773.4,1486.8,56725.7,2269.5,37138.5,53212.5,23877.6,28123.6,93216.7,6975.0,9982.7,2588.2,1060000.0,9407.2,10689.2,9035.9,49540.8,4142.9,7189.5,11104.6,5628.9,10003.7,6959.7,255000.0,11268.2,7851.2,361000.0,8758.6,847000.0,429000.0,16002.7,47.6,147000.0,56913.1,177000.0,29440.3,148000.0,208000.0,185.9,14250.8,480000.0,98381.3,238000.0,27216.0,9681.5,125000.0,166000.0,1520000.0,6124.1,2060000.0,528000.0,58167.6,16230.9,240000.0,846.8,2578.0,18447.9,41819.5,196.7,4368.4,90310.7,48161.3,496000.0,4438.8,969.9,10668.1,3429.5,341000.0,5642.2,881.8,366.8,22157.9,44050.9,777000.0,31.8,32014.2,26558.9,136000.0,40284.5,15000000.0,46679.9,681.2,116000.0,700.8,663.2,5835.9,30906.7,375000.0,20265.6,12041.7
2011.0,15924.2,86709.0,12230.5,3449.7,310000.0,449000.0,9695.5,1126.2,1170000.0,403000.0,52070.5,2114.1,489000.0,9817.9,10779.1,123000.0,51568.1,26223.3,10157.7,17341.6,60300.3,1403.7,6386.2,20672.2,2300000.0,4499.5,14220.8,1671.6,13560.0,2232.5,1660000.0,594000.0,232000.0,6670000.0,23816.0,27249.9,23048.3,13438.4,306000.0,945.2,1730.4,38873.8,25835.7,213000.0,3530000.0,492.7,326000.0,55547.8,166000.0,8540000.0,75028.1,223000.0,12800000.0,1410000.0,21159.6,33279.9,1440000.0,256000.0,3225.5,2700000.0,15391.9,2510000.0,13149.5,36720.1,7238.1,1417.8,918.6,17378.8,272000.0,776.9,43058.5,3611.3,240000.0,16446.9,59799.5,12379.3,134000.0,802000.0,1760000.0,223000.0,500000.0,149000.0,13941.2,245000.0,2150000.0,13449.3,27876.5,5690000.0,159000.0,42443.4,5079.9,12037.1,158.6,774.1,1190000.0,127000.0,7700.8,38777.3,2161.9,28357.1,1568.3,61493.4,2391.1,39381.3,54563.7,25422.2,34218.8,98106.6,7380.8,10140.3,2809.9,1100000.0,9627.3,11032.6,9078.1,52310.9,4276.7,8432.6,11928.3,5863.8,10411.6,7297.5,269000.0,11841.9,8036.3,381000.0,9311.9,860000.0,433000.0,16550.2,52.3,150000.0,58426.3,182000.0,32771.1,157000.0,216000.0,198.4,14408.6,503000.0,98028.6,234000.0,28372.4,10611.0,142000.0,169000.0,1590000.0,6611.5,2170000.0,581000.0,57023.0,16467.6,255000.0,908.4,2740.8,19151.8,42671.0,205.3,4623.9,92882.1,48576.1,512000.0,4538.5,1046.4,10676.9,3648.9,344000.0,6059.7,933.0,391.9,22092.7,43206.4,864000.0,34.2,34470.4,29053.2,143000.0,42364.0,15200000.0,50313.9,678.4,123000.0,709.4,690.8,6091.2,26977.0,388000.0,21393.3,13750.8
2012.0,17954.9,94115.8,12403.9,3278.1,324000.0,444000.0,10393.6,1164.2,1220000.0,406000.0,53217.6,2208.1,493000.0,10290.3,11474.7,131000.0,51752.0,27200.9,10471.2,17199.1,61317.7,1437.5,6047.4,21731.1,2340000.0,4479.0,14350.6,1757.1,14164.3,2345.3,1690000.0,600000.0,244000.0,7190000.0,26365.8,28488.0,24681.7,14775.2,318000.0,975.5,1749.1,40738.6,24945.2,211000.0,3540000.0,487.5,327000.0,57057.3,171000.0,9180000.0,79261.1,228000.0,12700000.0,1370000.0,21820.8,36157.9,1550000.0,252000.0,3271.0,2710000.0,16200.1,2550000.0,13987.0,40132.4,7666.4,1492.1,902.9,18823.5,252000.0,767.9,44337.3,3801.8,244000.0,17125.9,58369.2,12447.7,133000.0,850000.0,1860000.0,223000.0,462000.0,170000.0,14121.9,251000.0,2090000.0,13366.8,28553.7,5780000.0,167000.0,44380.2,5075.4,12917.4,166.1,756.8,1210000.0,135000.0,8318.8,39762.5,2334.7,63276.0,1565.1,67116.7,2552.3,40895.0,54371.3,26503.0,37379.7,101000.0,7337.2,10445.6,2880.6,1140000.0,9583.4,10940.3,9451.9,56146.7,4160.2,9471.5,12794.1,6125.9,10775.6,7435.1,283000.0,12441.3,8884.0,397000.0,9916.9,851000.0,445000.0,17341.5,58.3,153000.0,63711.0,188000.0,35975.8,166000.0,231000.0,201.7,15079.6,509000.0,98057.3,224000.0,28219.6,11257.9,149000.0,173000.0,1650000.0,7182.8,2290000.0,612000.0,57320.4,17310.3,266000.0,925.3,3156.9,19690.8,42380.2,211.8,4748.3,94643.8,47293.9,509000.0,4783.2,1059.6,11625.3,3887.7,369000.0,6513.4,989.2,395.1,22373.3,44933.6,905000.0,32.9,36021.7,30168.1,144000.0,43862.9,15600000.0,54024.9,687.7,130000.0,721.8,662.6,6262.4,27622.5,396000.0,23018.6,16042.5
2013.0,18960.5,98778.9,12528.2,3161.8,340000.0,455000.0,10736.6,1157.2,1250000.0,406000.0,56327.4,2316.8,495000.0,11030.3,12139.4,139000.0,51920.6,28674.4,10190.7,17603.2,61933.0,1456.3,6030.5,23208.0,2410000.0,4416.0,14045.5,1794.4,15771.0,1491.8,1730000.0,611000.0,254000.0,7750000.0,28709.6,30027.5,26775.2,14669.9,335000.0,1019.3,1763.1,41662.9,23310.5,211000.0,3560000.0,482.6,330000.0,59838.9,176000.0,9840000.0,83181.8,233000.0,12700000.0,1350000.0,22114.5,39984.2,1610000.0,250000.0,3425.8,2720000.0,17113.6,2610000.0,14493.5,43067.1,7968.0,1535.0,932.3,18045.4,244000.0,786.0,45976.7,3940.7,251000.0,17604.0,58108.2,12831.8,135000.0,897000.0,1980000.0,226000.0,462000.0,183000.0,14705.7,261000.0,2050000.0,13433.8,29299.0,5890000.0,177000.0,46989.1,5629.5,13867.7,173.1,797.6,1250000.0,136000.0,8986.5,41277.9,2537.9,54670.5,1515.5,69395.8,2659.2,42346.8,56358.2,27115.3,41566.3,106000.0,8000.8,10685.9,3090.4,1150000.0,9863.7,11191.4,9969.3,60877.6,4307.8,10574.8,13685.1,6380.1,11137.7,7821.7,297000.0,13139.8,9356.2,423000.0,10405.4,850000.0,449000.0,18057.5,76.1,157000.0,66963.3,197000.0,38459.3,176000.0,247000.0,194.9,15656.4,515000.0,97756.4,222000.0,30595.0,11786.9,157000.0,179000.0,1680000.0,7521.9,2430000.0,629000.0,59839.5,17798.8,279000.0,974.6,3810.9,20131.0,43606.1,221.9,4887.6,95274.6,46807.2,515000.0,4968.0,1123.4,12288.0,4125.3,379000.0,6995.4,1010.2,396.3,22872.0,46225.7,982000.0,34.4,38464.5,31250.2,144000.0,45897.1,15900000.0,58122.4,700.4,137000.0,736.0,659.8,6477.8,28954.9,406000.0,24182.7,16361.6
2014.0,19477.1,104000.0,12750.5,3241.0,355000.0,444000.0,11123.1,1201.1,1280000.0,409000.0,57903.2,2415.1,503000.0,11731.6,12664.6,147000.0,52899.5,29921.8,10298.1,17806.3,63002.2,1509.2,5807.3,24475.2,2420000.0,4410.5,13693.2,1898.0,16425.4,1493.0,1780000.0,626000.0,259000.0,8330000.0,31234.3,31794.4,29310.9,15543.5,350000.0,1040.8,1773.9,43127.5,22884.1,216000.0,3640000.0,504.1,335000.0,64057.9,183000.0,10500000.0,86333.4,240000.0,12900000.0,1370000.0,22775.2,44085.6,1630000.0,249000.0,3617.8,2750000.0,17852.0,2670000.0,15135.9,44314.9,8263.4,1513.4,941.2,18120.3,246000.0,843.7,48019.9,4007.2,258000.0,18142.4,57909.8,13268.3,141000.0,942000.0,2130000.0,246000.0,483000.0,184000.0,15011.9,271000.0,2050000.0,13526.7,30290.5,5920000.0,184000.0,49506.4,5856.0,14858.2,171.9,847.7,1290000.0,137000.0,9670.6,42293.9,2555.7,41549.6,1542.1,72838.3,2735.9,43844.6,58779.8,27406.4,41067.0,108000.0,8400.8,11042.7,3316.9,1180000.0,10221.7,11984.3,10730.3,65742.3,4384.7,11408.7,14697.6,6652.9,11554.7,8267.6,314000.0,13896.4,9977.7,450000.0,10903.4,862000.0,458000.0,19139.0,96.3,163000.0,67940.0,206000.0,40407.9,180000.0,263000.0,207.1,17776.9,532000.0,96592.8,224000.0,32082.2,11768.3,165000.0,186000.0,1700000.0,7985.7,2590000.0,652000.0,61442.8,18975.9,290000.0,984.8,3984.6,20475.5,42913.0,236.5,4900.1,97791.4,48102.8,528000.0,5013.3,1174.0,13135.8,4369.5,383000.0,7464.5,1055.1,404.3,22663.3,47599.3,1030000.0,34.9,41054.1,32846.0,134000.0,47383.6,16300000.0,62295.2,708.9,145000.0,753.0,660.3,6557.0,28900.3,414000.0,25318.8,16750.5
2015.0,19759.7,105000.0,13033.4,3287.5,373000.0,456000.0,11479.0,1247.1,1310000.0,413000.0,58510.9,2320.9,513000.0,11940.2,13161.2,157000.0,55010.1,30665.5,10321.9,18356.4,60589.5,1552.2,5852.3,25664.0,2340000.0,4518.5,13639.4,2024.1,16146.5,1557.8,1790000.0,634000.0,265000.0,8910000.0,33996.4,33591.2,31338.1,15040.7,360000.0,1052.4,1791.8,44693.8,23620.7,227000.0,3690000.0,490.5,343000.0,68495.2,190000.0,11200000.0,86418.8,250000.0,13100000.0,1420000.0,23195.4,48667.1,1660000.0,250000.0,3780.7,2780000.0,18544.5,2740000.0,15593.3,45280.2,8578.7,1574.8,999.0,16469.6,245000.0,898.1,49985.0,4034.7,264000.0,18839.0,59318.1,13482.8,146000.0,988000.0,2290000.0,308000.0,476000.0,188000.0,15724.9,277000.0,2060000.0,13651.5,31046.7,5990000.0,186000.0,52337.4,6083.0,15903.6,189.8,856.5,1330000.0,138000.0,10373.6,42383.4,2555.7,37867.4,1521.1,76485.8,2808.4,44732.3,61311.2,28504.6,32198.8,113000.0,8372.4,11388.6,3412.6,1220000.0,10615.8,12723.9,11761.3,70339.5,4533.3,11680.2,15685.7,7010.6,11965.3,8499.1,330000.0,14525.5,10416.0,462000.0,11425.9,879000.0,467000.0,19775.0,99.9,169000.0,71085.9,216000.0,42724.4,186000.0,279000.0,222.7,18946.3,555000.0,95579.1,228000.0,33070.4,12206.2,173000.0,191000.0,1660000.0,8693.0,2790000.0,679000.0,64457.2,20184.2,299000.0,998.8,3163.8,20965.9,43688.0,245.7,4733.0,103000.0,49166.0,552000.0,5123.8,1232.0,13499.4,4620.5,395000.0,7913.0,1085.8,409.0,23076.5,48167.9,1090000.0,38.1,43583.3,34550.0,121000.0,47559.3,16700000.0,66934.8,718.3,155000.0,754.2,688.5,6825.5,20809.8,419000.0,26058.2,17048.7
2016.0,20206.4,102000.0,13465.4,3409.4,384000.0,446000.0,11502.0,1315.6,1350000.0,421000.0,56718.3,2307.0,520000.0,12339.0,13945.4,168000.0,57111.8,31756.6,10470.9,18934.6,59058.7,1553.5,5813.9,26758.3,2260000.0,4630.5,13301.5,2188.6,16841.4,1631.8,1810000.0,645000.0,269000.0,9520000.0,36437.0,35152.7,32090.0,13508.0,368000.0,1087.3,1876.1,46591.5,25141.4,233000.0,3780000.0,503.1,354000.0,73056.4,196000.0,11900000.0,85359.0,261000.0,13400000.0,1460000.0,23934.8,53258.1,1710000.0,257000.0,3873.1,2810000.0,18932.3,2790000.0,16046.5,46841.4,9507.6,1605.4,1061.5,15017.6,244000.0,931.6,51323.5,4188.4,270000.0,19572.4,61393.1,13715.0,149000.0,1040000.0,2480000.0,319000.0,540000.0,217000.0,16767.0,288000.0,2090000.0,13839.3,31665.8,6020000.0,188000.0,55414.3,6346.7,17021.8,199.5,880.7,1370000.0,142000.0,11102.2,43031.6,2514.8,36808.8,1581.8,79917.5,2950.1,45859.0,64115.9,29181.0,31967.5,115000.0,8741.5,11843.4,3628.8,1260000.0,10918.2,13468.6,12218.9,74384.1,4667.0,11816.6,16285.6,7099.0,12424.5,8710.2,345000.0,14484.7,11010.7,454000.0,11947.3,898000.0,472000.0,19891.4,103.5,175000.0,74709.2,228000.0,44840.7,194000.0,299000.0,222.6,19986.4,572000.0,94371.9,233000.0,34496.7,13288.2,178000.0,200000.0,1670000.0,9212.1,3010000.0,690000.0,67486.7,21467.1,309000.0,1057.5,3355.4,21499.8,45146.6,256.0,4469.7,105000.0,50735.3,564000.0,5180.2,1288.2,12654.9,4877.3,408000.0,8456.8,1122.4,435.9,21623.5,48726.4,1130000.0,39.2,46576.2,36201.8,124000.0,48362.9,17000000.0,71013.9,731.9,164000.0,780.4,744.0,7103.3,18858.9,420000.0,27042.4,17177.5
2017.0,20741.2,102000.0,13977.4,3421.2,393000.0,459000.0,12364.6,1357.0,1380000.0,431000.0,56805.5,2318.5,528000.0,13038.8,14810.5,180000.0,59112.2,33119.3,10797.2,19535.1,60554.2,1582.6,6023.8,27880.9,2290000.0,4652.5,13478.2,2290.4,17330.5,1705.6,1870000.0,657000.0,272000.0,10200000.0,39118.7,36400.3,33286.0,12882.1,373000.0,1128.8,1945.5,48390.0,26437.4,245000.0,3870000.0,468.9,364000.0,76465.7,198000.0,12700000.0,87380.6,272000.0,13700000.0,1510000.0,25251.0,58351.8,1740000.0,266000.0,4080.4,2880000.0,19021.8,2840000.0,16823.6,50655.9,10486.9,1682.8,1124.4,14166.4,248000.0,973.0,52875.2,4344.8,280000.0,20520.3,63504.6,14028.6,156000.0,1090000.0,2660000.0,345000.0,561000.0,212000.0,17529.2,298000.0,2120000.0,13978.2,32326.7,6150000.0,196000.0,58077.4,6647.5,18184.2,201.3,863.2,1410000.0,135000.0,11867.4,43397.7,2576.9,46629.8,1637.0,82777.1,2911.1,47823.0,65270.7,30129.6,35128.3,119000.0,9151.6,12309.2,3890.5,1280000.0,11036.3,14183.1,13198.3,79148.4,4887.2,12447.3,16894.9,7347.2,12898.4,9058.6,365000.0,14447.6,11561.1,458000.0,12500.6,924000.0,483000.0,21527.2,97.5,181000.0,74967.9,240000.0,47351.4,199000.0,320000.0,218.3,20692.8,600000.0,91648.4,241000.0,36205.6,13476.8,176000.0,215000.0,1700000.0,9578.4,3210000.0,685000.0,68004.9,23057.2,322000.0,1114.0,3496.7,21983.5,46095.2,265.8,4548.5,108000.0,53167.3,578000.0,5285.2,1344.6,12276.7,5089.8,425000.0,9101.0,1076.3,450.4,21123.5,49660.5,1210000.0,40.8,49736.7,37580.8,127000.0,49616.2,17400000.0,74182.2,739.2,175000.0,814.8,751.8,7403.5,17902.4,426000.0,27990.0,17985.6
2018.0,20987.9,99635.9,14546.4,3475.6,398000.0,447000.0,13007.6,1457.3,1420000.0,442000.0,57657.8,2355.8,537000.0,13912.0,15807.4,194000.0,60940.3,33708.6,11123.9,20265.7,62461.1,1615.5,5997.8,29058.5,2320000.0,4625.5,13485.2,2360.4,18106.7,1770.3,1910000.0,675000.0,283000.0,10900000.0,41814.0,37879.1,35223.6,12082.9,382000.0,1167.5,2033.7,49677.4,27822.9,253000.0,3920000.0,479.6,372000.0,81805.0,201000.0,13600000.0,88507.2,286000.0,14000000.0,1540000.0,26350.8,62329.2,1780000.0,270000.0,4236.0,2930000.0,19182.2,2880000.0,17642.9,53828.7,11137.1,1804.6,1167.1,13266.0,253000.0,1013.3,54575.1,4537.7,288000.0,21278.9,65287.5,14262.6,164000.0,1150000.0,2820000.0,373000.0,527000.0,210000.0,18197.8,309000.0,2140000.0,14249.5,32951.9,6170000.0,204000.0,61747.0,6897.3,19542.4,205.9,888.5,1450000.0,137000.0,12608.9,42561.7,2608.4,53686.2,1680.2,85514.0,2897.9,49705.7,67301.2,31342.1,37040.2,123000.0,9545.2,12871.1,4206.7,1310000.0,11356.3,14856.3,13881.8,84491.2,5135.3,13349.3,17476.7,7502.6,13383.3,9345.7,382000.0,14548.5,12395.7,467000.0,12006.8,946000.0,489000.0,22969.7,103.5,186000.0,76290.0,254000.0,49099.6,206000.0,340000.0,227.1,20635.0,632000.0,87377.9,248000.0,37420.8,13642.2,178000.0,225000.0,1740000.0,10400.1,3410000.0,702000.0,66447.6,24528.2,333000.0,1158.0,3617.2,22517.9,48167.2,273.6,4665.7,112000.0,55498.4,589000.0,5410.5,1395.0,12568.2,5340.8,442000.0,9765.4,1065.0,451.8,21071.7,50983.7,1250000.0,41.8,52444.9,39896.7,131000.0,50420.0,17900000.0,78222.5,755.2,188000.0,838.5,736.3,7686.0,18037.1,430000.0,29119.3,18854.2
2019.0,21808.9,99013.5,14872.3,3539.8,405000.0,438000.0,13996.2,1525.2,1450000.0,449000.0,58937.0,2399.2,547000.0,14867.2,16708.3,210000.0,63191.6,34321.8,11259.4,20808.5,63224.5,1619.9,6025.3,29702.6,2350000.0,4621.1,14007.0,2489.4,18643.7,1822.8,1940000.0,681000.0,286000.0,11500000.0,44419.8,39288.4,36768.0,11654.7,395000.0,1190.7,2149.0,50712.5,28678.4,259000.0,3940000.0,496.7,383000.0,85937.9,202000.0,14300000.0,88554.7,302000.0,14200000.0,1570000.0,27667.4,67542.5,1820000.0,273000.0,4217.2,2970000.0,19938.9,2920000.0,18521.9,57315.9,11760.8,1913.9,1220.8,12526.2,257000.0,1032.7,56673.4,4780.6,285000.0,21843.4,67154.1,14022.7,172000.0,1200000.0,2940000.0,394000.0,491000.0,220000.0,18547.0,319000.0,2150000.0,14349.2,33596.3,6210000.0,213000.0,65060.2,7208.2,20921.0,210.6,913.7,1480000.0,138000.0,13195.4,39710.0,2548.9,55047.6,1709.2,87466.7,2874.6,51862.4,68847.1,31985.9,35295.3,126000.0,9887.0,13495.5,4500.7,1310000.0,11719.7,15562.2,14564.7,86931.3,5344.0,14038.0,17875.8,7947.7,13786.8,9754.1,399000.0,14383.5,13127.4,477000.0,11541.0,962000.0,495000.0,24575.6,103.5,192000.0,75032.8,257000.0,50575.7,211000.0,361000.0,217.5,21852.5,661000.0,88415.7,253000.0,37409.6,13771.7,179000.0,234000.0,1760000.0,11380.7,3550000.0,704000.0,64784.1,25821.1,336000.0,1171.8,3816.4,23054.4,50213.6,277.2,4678.2,115000.0,57265.7,597000.0,5531.9,1469.1,12976.3,5625.9,453000.0,10450.1,1264.3,455.1,21071.1,51515.4,1260000.0,45.9,55482.1,42611.0,136000.0,50532.0,18300000.0,82574.6,759.0,201000.0,865.9,762.6,8006.6,18415.4,430000.0,29539.1,17327.0