date,Monaco,Luxembourg,Bermuda,Norway,Ireland,Switzerland,Denmark,Qatar,Singapore,Sweden,Australia,United States,Netherlands,"Macao SAR, China",Canada,Iceland,Austria,Finland,Japan,Belgium,Germany,Andorra,France,United Kingdom,United Arab Emirates,New Zealand,"Hong Kong SAR, China",Italy,Israel,Spain,Kuwait,Brunei Darussalam,Cyprus,Malta,"Bahamas, The","Korea, Rep.",Puerto Rico,Slovenia,Portugal,Czech Republic,Greece,Slovak Republic,Bahrain,Estonia,Saudi Arabia,Lithuania,Hungary,Poland,St. Kitts and Nevis,Latvia,Croatia,Barbados,Antigua and Barbuda,Turkey,Trinidad and Tobago,Chile,Oman,Seychelles,Uruguay,Malaysia,Romania,Palau,Russian Federation,Panama,Kazakhstan,Brazil,Mauritius,Mexico,Costa Rica,Argentina,Latin America & Caribbean,St. Lucia,Caribbean small states,Equatorial Guinea,Latin America & Caribbean (excluding high income),Grenada,Gabon,Bulgaria,Montenegro,Maldives,China,Nauru,Libya,Botswana,Suriname,Dominican Republic,Colombia,South Africa,Serbia,Dominica,St. Vincent and the Grenadines,Belarus,Thailand,Peru,Bosnia and Herzegovina,Guyana,"Iran, Islamic Rep.",Azerbaijan,Lebanon,Namibia,North Macedonia,Iraq,Paraguay,Albania,Ecuador,Georgia,Jamaica,Eswatini,Fiji,Armenia,Algeria,Kosovo,Indonesia,Tunisia,Tonga,Mongolia,Belize,Sri Lanka,Tuvalu,Cabo Verde,Samoa,Moldova,El Salvador,Morocco,Philippines,Jordan,Bhutan,Ukraine,Angola,"Egypt, Arab Rep.",West Bank and Gaza,Vanuatu,Bolivia,Papua New Guinea,Uzbekistan,Nigeria,Fragile and conflict affected situations,Honduras,"Congo, Rep.",India,Vietnam,South Asia,Ghana,Lao PDR,Kiribati,Nicaragua,Mauritania,Solomon Islands,Cote d'Ivoire,Sudan,Zambia,Myanmar,Senegal,Cameroon,Comoros,Lesotho,Bangladesh,Cambodia,Benin,Haiti,Kenya,Pakistan,Zimbabwe,Tajikistan,Kyrgyz Republic,IDA only,Least developed countries: UN classification,Tanzania,Timor-Leste,Uganda,Heavily indebted poor countries (HIPC),Guinea,Rwanda,Nepal,Burkina Faso,"Gambia, The",Chad,Mali,Togo,Guinea-Bissau,"Yemen, Rep.",Ethiopia,Mozambique,Afghanistan,Niger,Malawi,Liberia,Madagascar,Sierra Leone,"Congo, Dem. Rep.",Central African Republic,Burundi
1960,0,27086,33363,23167,0,0,20538,0,3503,18062,19378,17563,16387,0,16406,11702,13031,12185,8608,13022,0,0,12744,13934,0,0,0,10879,8789,7376,0,0,0,0,17735,932,5832,0,4501,0,6260,0,0,0,0,0,0,0,0,0,0,0,0,3175,4007,3612,0,2830,5475,1354,0,0,0,2139,0,3417,0,3907,2911,5643,3693,0,0,0,3638,0,4366,0,0,0,192,0,0,408,3335,1324,2339,4624,0,0,1752,0,571,2660,0,2565,2979,0,0,0,0,0,1364,0,2238,0,0,0,1774,0,2481,0,690,0,0,0,1079,0,0,0,0,0,0,0,1100,0,0,0,0,579,0,0,1005,1012,0,1360,1515,1096,1564,330,0,332,1057,0,0,1506,0,0,1226,876,1496,153,1362,957,0,262,372,0,712,1512,537,302,995,0,0,0,0,0,0,0,658,0,351,266,269,0,697,0,375,0,0,0,0,0,826,238,0,819,373,1039,600,213
1961,0,27868,34080,24426,0,0,21696,0,3664,18999,19469,17671,16220,0,16590,11466,13677,13019,9396,13625,0,0,13203,14199,0,0,3381,11693,9456,8173,0,0,0,0,18674,968,6134,0,4712,0,7030,0,0,0,0,0,0,0,0,0,0,0,0,3135,4480,3723,0,2617,5539,1412,0,0,0,2304,0,3660,0,3977,2858,5853,3828,0,0,0,3770,0,4963,0,0,0,141,0,0,425,3400,1251,2383,4685,0,0,1805,0,584,2775,0,2606,3236,0,0,0,0,0,1421,0,2287,0,0,0,1774,0,2091,0,711,0,0,0,1101,586,0,0,0,0,0,0,1124,0,0,0,0,592,0,0,1007,1056,0,1336,1496,1086,1654,336,0,338,1059,0,0,1568,1382,0,1300,854,1471,151,1365,949,0,262,384,0,724,1439,480,313,1023,0,0,581,0,0,0,0,642,0,329,267,276,0,693,0,416,0,0,0,0,0,839,251,0,816,374,903,619,181
1962,0,27903,34763,24912,0,0,22747,0,3833,19699,19246,18463,17085,0,17493,12192,13954,13317,10138,14278,0,0,13911,14234,0,0,3704,12335,9926,8904,0,0,0,0,19609,977,6507,0,4987,0,7014,0,0,0,0,0,0,0,0,0,0,0,0,3230,4527,3794,0,2763,5384,1455,0,0,0,2420,0,3740,0,4035,2903,5711,3903,0,0,0,3845,0,5275,0,0,0,132,0,0,444,3440,1416,2435,4853,0,0,1847,0,609,2968,0,2561,3424,0,0,0,0,0,1430,0,2332,0,0,0,1775,0,1638,0,705,0,0,0,1123,594,0,0,0,0,0,0,1139,0,0,0,0,599,0,0,1042,1102,0,1362,1574,1117,1698,339,0,342,1068,0,0,1686,1352,0,1267,889,1392,154,1326,957,0,296,394,0,689,1523,509,319,1003,0,0,605,0,0,0,0,671,0,360,268,289,0,716,0,427,0,0,0,0,0,899,246,0,814,385,1067,586,193
1963,0,28564,34324,25661,0,0,22713,0,4113,20632,20053,19000,17467,0,18089,13208,14438,13657,10886,14788,0,0,14572,14816,0,0,4142,12932,10590,9673,0,0,0,0,20609,1036,6917,0,5259,0,7816,0,0,0,0,0,0,0,0,0,0,0,0,3440,4713,3935,0,2966,5330,1513,0,0,0,2550,0,3665,0,4229,2993,5323,3895,0,0,0,3825,0,5529,0,0,0,142,0,0,460,3539,1460,2438,5081,0,0,1712,0,639,3009,0,2187,3579,0,0,0,0,0,1458,0,2314,0,0,0,1825,0,2146,0,671,0,0,0,1146,595,0,0,0,0,0,0,1180,0,0,0,0,644,0,0,1091,1125,0,1448,1614,1125,1589,352,0,353,1080,0,0,1813,1287,0,1396,840,1395,170,1314,971,0,321,381,0,710,1466,537,338,1030,0,0,605,0,0,0,0,674,0,319,268,281,0,691,0,444,0,0,0,0,0,956,237,0,787,385,1094,572,197
1964,0,30467,37202,26743,0,0,24620,0,3884,21875,21036,19825,18661,0,18930,14262,15221,14293,12031,15668,0,0,15337,15535,0,0,4392,13185,10988,10086,0,0,0,0,21688,1105,7262,0,5588,0,8520,0,0,0,0,0,0,0,0,0,0,0,0,3542,5013,3957,0,3064,5398,1545,0,0,0,2585,0,3685,0,4588,2995,5773,4071,0,0,0,4006,0,5700,0,0,0,164,0,0,480,3671,1509,2511,5347,0,0,1756,0,662,3115,0,2378,3807,0,0,0,0,0,1480,0,2415,0,0,0,1853,0,2214,0,677,0,0,0,1169,604,0,0,0,0,0,0,1182,0,0,0,0,700,0,0,1112,1197,0,1487,1680,1153,1607,370,0,372,1071,0,0,1964,1595,0,1580,808,1519,157,1327,984,0,341,411,0,745,1414,545,355,985,0,0,616,0,0,0,0,679,0,274,284,284,0,660,0,498,0,0,0,0,0,930,237,0,798,404,1039,573,205
1965,0,29901,38039,27939,0,0,25542,0,4088,22498,21862,20831,19998,0,19765,15051,15649,15001,12595,16079,0,0,15893,15766,0,0,4905,13502,11575,10601,0,0,0,0,22864,1156,7808,0,6030,0,9394,0,0,0,0,0,0,0,0,0,0,0,0,3557,4997,3920,2315,2956,5395,1617,0,0,0,2739,0,3693,0,4763,3132,6286,4170,0,0,0,4106,0,6077,0,0,0,187,0,0,497,4003,1280,2525,5532,0,0,1753,0,695,3198,0,2572,4347,0,0,0,0,0,1530,0,2422,1873,0,0,1751,0,2290,0,666,1113,0,0,1191,605,0,0,0,0,2358,0,1206,0,0,0,0,715,0,0,1143,1293,0,1527,1711,1222,1623,353,0,360,1055,0,0,2087,1797,0,1475,839,1719,170,1308,981,0,342,405,0,770,1417,538,382,999,0,0,623,0,0,0,0,689,0,287,275,290,0,652,0,559,0,0,0,0,0,966,263,0,774,426,1022,568,209
1966,0,30015,42735,28766,0,0,26032,0,4393,22751,21878,21931,20280,0,20701,16090,16416,15299,13809,16475,0,0,16557,15926,0,0,4949,14199,11276,11253,0,0,0,0,23861,1262,8295,0,6323,0,9930,0,0,0,0,0,0,0,0,0,0,0,0,3863,5158,4283,2371,3284,5503,1696,0,0,0,2862,0,3742,0,4898,3244,6152,4229,0,4681,0,4147,0,6237,0,0,0,202,0,0,518,4642,1408,2581,5631,0,0,1735,0,750,3366,0,2655,4709,0,0,0,0,0,1519,0,2345,1991,3796,0,1705,0,2120,0,666,1128,0,0,1211,620,0,0,0,0,2455,815,1222,0,0,0,0,732,0,0,1200,1339,0,1431,1670,1251,1601,345,0,355,985,0,0,2091,1748,0,1587,786,1574,158,1307,1002,0,333,402,0,783,1382,598,393,981,0,0,620,0,0,0,0,689,0,299,289,287,697,628,0,589,0,0,0,0,0,935,290,0,771,426,1061,560,213
1967,0,29982,47478,30311,0,0,27256,0,4835,23337,22965,22236,21110,0,20960,15632,16784,15547,15197,17017,0,0,17220,16282,0,0,4903,15109,11123,11598,0,0,0,0,25082,1345,8742,0,6843,0,10408,0,0,0,0,0,0,0,0,0,0,0,0,3951,5229,4362,3832,3221,5249,1716,0,0,0,3017,0,3821,0,5027,3323,6255,4302,0,4818,0,4219,0,6365,0,0,0,185,0,0,537,5061,1411,2612,5883,0,0,1554,0,790,3399,0,2723,5118,0,0,0,0,0,1615,0,2382,2095,3816,0,1887,0,2256,0,657,1106,0,0,1233,644,0,0,0,0,2517,875,1249,0,0,0,0,719,0,0,1250,1363,0,1180,1584,1287,1591,365,0,370,991,0,0,2171,1756,0,1601,775,1647,145,1255,872,0,362,382,0,776,1327,597,404,1028,0,0,611,0,0,0,0,684,0,310,280,308,679,621,341,594,0,0,0,0,0,910,304,0,792,419,1021,574,237
1968,0,31156,47563,30737,0,0,28595,0,5395,24051,23713,23071,22232,0,21655,14576,17444,15834,17097,17661,0,0,17853,17085,0,0,4963,15996,12662,12202,0,0,0,0,26161,1487,9138,0,7483,0,11086,0,0,0,14253,0,0,0,0,0,0,0,0,4120,5468,4444,6770,3381,5300,1808,0,0,0,3136,0,4147,0,5333,3500,6461,4526,0,5036,0,4448,0,6390,0,0,0,173,0,0,581,5310,1373,2691,5971,0,0,1638,0,830,3311,0,2710,5721,0,0,0,0,1454,1644,0,2358,2169,3985,0,1992,0,2428,0,709,1195,0,0,1286,666,0,0,0,0,2529,939,1273,0,0,0,0,690,0,0,1328,1390,0,1140,1615,1332,1666,369,0,377,972,0,0,2134,1878,0,1737,767,1616,159,1296,905,0,352,406,0,790,1344,623,422,1014,0,0,625,0,0,0,0,695,0,322,276,312,724,607,349,595,0,0,0,0,0,888,290,0,825,420,1035,570,230
1969,0,34096,48286,31861,0,0,30289,0,6050,25079,24858,23555,23389,0,22440,14784,18475,17363,18837,18779,0,0,18979,17341,0,0,5438,16876,14009,13159,0,0,0,0,27535,1666,9913,0,7710,0,12322,0,0,0,14541,0,0,0,0,0,0,0,0,4187,5580,4544,8252,3302,5571,1851,0,0,0,3304,0,4435,0,5348,3589,6981,4690,0,5250,0,4607,0,6764,0,0,0,197,0,0,653,5442,1479,2781,6091,0,0,1668,0,859,3334,0,2859,6480,0,0,0,0,1450,1678,0,2396,2251,4153,0,2000,0,2558,0,737,1224,0,0,1315,701,0,0,0,0,2547,995,1295,0,0,0,0,708,0,0,1359,1471,0,1384,1683,1302,1742,385,0,391,1007,0,0,2200,1845,0,1831,755,1558,160,1176,926,0,350,399,0,796,1369,650,433,1102,0,0,632,0,0,0,0,707,0,346,283,313,721,636,345,631,0,0,0,0,0,816,299,0,833,447,1100,599,221
1970,85789,35457,50401,32245,12745,49581,30542,0,6787,26657,26121,23207,24520,0,24774,16240,19574,18267,18700,19808,19681,41702,19985,17923,0,20080,5796,17671,13450,13572,0,0,0,3727,25196,1793,10611,0,8760,0,13392,0,0,0,22134,0,0,0,0,0,0,0,0,4221,5727,4552,9098,3512,5671,1916,0,0,0,3435,0,4704,0,5524,3755,7084,4877,0,5430,0,4799,0,7206,0,0,0,229,0,0,745,5522,1699,2879,6244,0,0,1828,0,929,3352,0,2942,7011,0,0,0,0,1465,1727,0,2488,2498,4590,1226,2207,0,2708,0,772,1253,0,0,1345,712,0,0,0,0,2554,1019,1305,0,0,0,0,730,0,0,1400,1593,0,1691,1822,1310,1801,396,0,404,1077,0,2394,2163,2004,0,1940,776,1581,164,1240,931,0,350,411,0,795,1354,598,469,1305,0,0,645,0,0,0,0,720,0,356,284,308,743,635,361,622,493,0,0,0,0,817,293,0,854,477,1067,602,264
1971,89372,36057,52515,33836,13034,51332,31242,0,7491,26724,26263,23670,25276,0,25009,18213,20483,18674,19328,20560,20261,41450,20881,18474,0,20531,6086,17909,14461,14033,0,0,0,3817,24942,1944,11106,0,9381,0,14380,0,0,0,25519,0,0,0,0,0,0,0,0,4351,5723,4901,8872,3987,5639,2059,0,0,0,3659,0,5108,0,5561,3906,7368,5076,0,5481,0,4993,0,7796,0,0,0,238,0,0,910,5718,1832,2978,6340,0,0,1862,0,947,3410,0,2996,7812,0,0,0,0,1493,1779,0,2569,2533,4632,1354,2310,0,2335,0,805,1356,0,0,1369,706,0,0,0,0,2584,1054,1337,0,0,0,0,743,0,0,1439,1654,0,1888,1881,1322,1885,394,0,398,1103,0,2302,2167,1981,0,2034,770,1528,167,1201,939,0,359,381,0,766,1417,705,459,1373,0,0,643,0,0,0,0,731,0,350,275,306,721,607,364,602,465,0,0,0,0,840,332,0,863,484,1100,599,267
1972,92243,37973,53861,35368,13675,52572,32284,0,8332,27255,26794,24650,25906,0,26083,19057,21629,20000,20663,21564,21031,42606,21649,19207,0,21204,6604,18465,15810,15010,0,0,0,4044,23531,2045,11670,0,10148,0,15738,0,0,0,29936,0,0,0,0,0,0,0,0,4563,5977,4774,9399,4138,5559,2200,0,0,0,3721,0,5588,0,5841,4121,7369,5309,0,5819,0,5240,0,8522,0,0,0,241,0,0,1114,5704,1968,3134,6275,0,0,2317,0,960,3433,0,2864,8702,0,0,0,0,1499,1852,0,2621,2579,5379,1387,2432,0,2895,0,839,1561,0,0,1481,690,0,0,0,0,2674,1057,1370,0,0,0,0,749,0,0,1520,1706,0,1906,1871,1358,1988,382,0,383,1046,0,2541,2148,1909,0,2026,709,1614,167,1240,939,0,350,322,0,798,1407,797,450,1436,0,0,619,0,0,0,0,724,0,340,278,308,702,599,379,630,485,0,0,0,0,775,343,0,829,478,1073,590,247
1973,96728,40678,55067,36713,14093,53777,33403,0,9045,28288,27077,25794,27091,0,27527,20049,22561,21275,22138,22868,21967,43744,22843,20421,0,22414,7209,19647,16031,16001,0,0,0,4215,24803,2309,12146,0,11281,0,16935,0,0,0,35405,0,0,0,0,0,0,0,0,4600,5990,4462,7754,4444,5573,2401,0,0,0,3813,0,6220,0,6118,4331,7454,5630,0,5709,0,5586,0,9221,0,0,0,254,0,0,1307,5647,2163,3271,6388,0,0,2037,0,1029,3551,0,2868,9193,0,0,0,0,1515,1941,0,2903,2722,5002,1469,2659,0,2924,0,884,1517,0,0,1535,724,0,0,0,0,2735,1073,1450,0,0,0,0,758,0,0,1573,1774,0,1960,1928,1422,2089,386,0,388,1046,0,3028,2217,1768,0,2048,692,1545,162,1136,963,0,432,328,0,809,1450,813,469,1422,0,0,620,0,0,0,0,725,0,342,271,304,744,536,367,638,481,0,0,0,0,625,342,0,785,479,1130,593,262
1974,99441,41842,55966,37917,14452,54267,32875,0,9440,29108,27484,25421,27804,0,28036,20908,23411,21849,21454,23837,22153,44186,23654,19901,0,23268,7153,20592,16569,16716,0,45632,0,4641,20245,2486,12243,0,11252,0,15786,0,0,0,39152,0,0,0,0,0,0,11160,0,4744,6128,4497,8287,4421,5730,2539,0,0,0,3801,0,6623,0,6288,4460,7741,5850,0,5468,0,5817,0,12622,0,0,0,254,0,0,1373,5720,2233,3383,6602,0,0,1837,0,1046,3780,0,3055,9519,0,0,0,0,1703,2053,0,3139,2936,4715,1508,2674,0,3058,0,927,1604,0,0,1716,738,0,0,0,0,2813,1109,1460,0,0,0,0,754,0,0,1584,1776,0,2124,1994,1363,2189,382,0,388,1089,0,4336,2454,1925,0,2039,747,1590,167,1150,1038,0,468,354,0,816,1508,815,472,1464,0,0,643,0,0,0,0,746,0,336,282,323,764,550,355,654,495,0,0,0,0,661,357,0,779,486,1134,621,257
1975,97059,38668,58513,39576,15020,50336,32303,0,9674,29733,27514,25120,27558,0,28033,20776,23388,22145,21766,23301,22043,42711,23280,19609,103605,22424,7054,20042,16720,16626,0,43937,7360,5508,16904,2636,11940,0,10362,0,16634,0,0,0,33902,0,0,0,0,0,0,10881,0,4967,6129,3856,9843,4457,6066,2498,0,0,0,3765,0,6805,0,6466,4441,7618,5929,0,5347,0,5926,0,14747,0,0,0,272,0,0,1435,5920,2290,3386,6543,0,0,1678,0,1071,3838,0,3279,9021,0,0,0,0,1854,2141,0,3389,3130,4634,1666,2636,0,3123,0,949,1680,0,0,1752,769,0,0,0,0,2829,1167,1498,0,0,0,0,803,0,0,1662,1718,0,1959,1956,1351,2289,407,0,407,931,0,4503,2376,1773,0,2108,837,1502,169,1203,1123,0,394,333,0,758,1497,792,478,1388,0,0,629,0,0,0,0,741,0,319,280,327,832,586,389,655,528,0,0,0,0,625,368,0,767,484,1049,612,255
1976,100047,39452,63504,41686,15002,49914,34131,0,10254,29938,27944,26223,28561,0,29293,21797,24502,22154,22464,24574,23234,42634,24165,20185,103767,22433,8091,21363,16404,16995,0,50736,8924,6413,17410,2937,12478,0,10766,0,17500,0,0,0,37981,0,0,0,0,0,0,11290,0,5362,6432,3943,11284,5078,6280,2719,0,0,0,3729,0,7296,2405,6571,4567,7351,6152,0,5347,0,6151,0,19582,0,0,0,263,0,0,1529,6465,2383,3468,6524,0,0,1833,0,1142,3792,0,3293,10261,0,0,0,0,2104,2246,0,3541,3297,4266,1580,2658,0,3291,0,990,1772,0,0,1727,780,0,0,0,0,2907,1264,1586,2171,0,0,0,890,0,0,1701,1618,0,2075,2044,1447,2244,404,0,407,879,0,3250,2424,1869,0,2273,946,1543,176,1277,1032,0,426,344,0,746,1593,779,488,1350,0,0,644,0,0,0,0,751,0,370,286,348,865,592,435,627,551,0,0,0,0,612,375,0,722,471,965,633,270
1977,102457,40002,66997,43237,16015,51303,34661,0,10806,29356,28625,27161,29107,0,29948,23544,25737,22145,23225,24697,24066,42514,24888,20688,109319,21385,8911,21817,16207,17299,0,54170,10382,7166,18600,3248,13028,0,11249,0,17782,0,0,0,38670,0,0,0,4301,0,0,11638,5197,5421,6923,4288,10810,4665,6337,2856,0,0,0,3674,0,7454,2521,6618,4845,7744,6304,3613,5486,0,6293,2944,16742,0,0,0,280,0,0,1647,7130,2441,3532,6359,0,2619,2054,0,1225,3707,0,3171,9542,0,0,0,0,2076,2441,0,3503,3500,4105,1546,2764,0,3366,0,1050,1791,0,0,1814,805,0,0,0,0,3039,1309,1629,2291,0,0,0,948,0,0,1746,1591,0,2136,2091,1549,1984,424,0,423,882,0,3054,2547,1781,0,2331,972,1424,182,1213,1141,0,504,344,0,763,1620,822,492,1218,0,0,649,0,0,0,0,758,0,365,288,342,865,593,454,657,511,0,0,0,0,640,382,0,719,462,945,643,294
1978,105373,41557,67717,44739,16924,51508,35323,0,11506,29783,28548,28363,29708,0,30743,24766,25703,22727,24230,25375,24812,41901,25772,21556,94684,21447,9473,22444,16750,17383,0,55769,11149,7883,20776,3550,13750,0,11442,0,18825,0,0,0,34790,0,0,0,4494,0,0,12143,5436,5380,7513,4549,9857,5619,6634,2969,0,0,0,3934,0,7514,2584,7029,5014,7285,6406,3926,5733,0,6377,3141,12425,0,0,0,307,0,0,1811,7591,2434,3746,6392,0,2862,2232,0,1322,3517,0,3083,7937,0,0,0,0,2355,2664,0,3606,3738,4054,1517,2764,0,3570,0,1095,1863,0,0,1930,835,0,0,0,0,3137,1306,1667,2558,0,0,0,1006,0,0,1743,1683,0,1952,2046,1592,2050,438,0,438,939,0,3041,2277,1721,0,2471,884,1384,190,1138,1352,0,579,359,0,753,1686,846,515,1148,0,0,647,0,0,0,0,756,0,385,294,351,890,579,440,713,578,0,0,0,0,706,406,0,680,462,869,636,284
1979,107828,42433,68914,46536,17214,52685,36599,0,12448,30859,29383,28940,30098,0,31570,25717,27126,24283,25344,25946,25830,40617,26578,22345,102669,22003,10006,23713,17339,17238,0,66020,12158,8623,25633,3799,14656,0,11958,0,19202,0,0,0,36844,0,0,0,4863,0,0,13042,5883,5228,7674,4860,9727,6451,6996,3165,0,0,0,4012,0,7835,2628,7521,5122,7910,6679,4014,5953,0,6640,3336,12190,0,0,0,326,0,0,1955,7530,2485,3861,6470,0,2316,2285,0,1363,3569,0,3002,6859,0,0,0,0,2761,2901,0,3643,3984,3960,1513,3041,0,3725,0,1147,1937,0,0,2041,873,0,0,0,0,2950,1336,1714,3003,0,0,0,1027,0,2964,1708,1670,0,2023,2068,1630,2186,405,0,415,897,0,2650,1624,1751,0,2420,812,1298,195,1188,1391,0,579,366,0,781,1775,876,518,1148,0,0,638,0,0,0,0,742,0,417,294,356,849,446,477,659,587,0,0,0,0,735,411,0,726,473,849,605,282
1980,108207,42637,73205,48504,17541,54891,36378,0,13534,31320,29908,28590,30262,0,31838,26909,27596,25512,25855,27069,26140,40077,26878,21864,116233,22257,10727,24476,17210,17478,0,59413,12718,9134,26701,3679,15098,0,12372,0,19143,0,21185,0,36703,0,0,0,5304,0,0,13556,6372,4986,8345,5172,9756,6121,7355,3317,0,0,0,4429,0,8349,2324,8017,5024,7908,6929,3869,6024,660,6881,3302,12199,3651,0,0,347,0,0,2109,6854,2621,3931,6722,0,2613,2320,0,1404,3688,0,3039,4789,0,0,4216,0,3345,3153,1992,3682,4132,3682,1645,2928,0,3643,0,1231,2027,0,0,2269,909,0,680,0,0,2557,1351,1753,3234,390,0,3193,1103,0,2557,1649,1589,0,2049,2046,1590,2498,423,0,431,881,0,2181,1650,1758,1814,2061,797,1292,206,1119,1323,1403,547,359,0,812,1865,890,553,1269,0,0,625,560,0,0,0,725,0,439,281,351,873,411,448,733,489,0,0,238,0,696,401,0,712,485,845,563,277
1981,107528,42278,74431,49110,17913,55466,36146,0,14294,31425,30419,29029,29819,0,32540,27738,27486,25738,26745,26995,26238,38494,27033,21685,113095,23204,11449,24653,17772,17331,0,46171,12824,9368,23705,3885,15099,0,12464,0,18677,0,19296,0,35166,0,0,0,5416,0,0,13251,6622,5111,8591,5432,10800,5550,7421,3463,0,0,0,4723,0,7797,2425,8494,4779,7381,6804,4058,6013,660,6740,3294,12504,3818,0,0,360,0,0,2220,7328,2673,3933,6895,0,2896,2406,0,1458,3798,0,3078,4366,0,0,4166,0,3228,3346,2065,3789,4314,3721,1822,3038,0,3638,0,1298,2081,2227,1441,2242,946,0,726,0,0,2253,1295,1764,3656,432,0,2947,1155,0,2602,1620,1543,0,1733,1938,1523,2853,438,0,448,828,0,2081,1690,1766,1723,2042,827,1326,214,1143,1503,1413,536,375,0,869,1771,889,577,1379,0,0,628,559,0,0,0,731,0,447,297,357,874,406,445,686,569,0,229,244,0,675,371,0,624,488,843,538,303
1982,108290,42721,69989,49046,18150,54421,37506,0,14651,31799,30912,28235,29315,16453,31130,27960,28019,26389,27444,27163,26159,37366,27567,22125,99320,23188,11605,24736,17804,17442,0,46590,13436,9378,24734,4144,14706,0,12653,0,18352,0,17291,0,26158,0,0,0,5475,0,0,12563,6619,5174,8773,4767,11400,5456,6653,3584,0,0,0,4861,0,7661,2527,8253,4312,7210,6627,4089,5996,627,6584,3337,11812,3895,0,0,387,0,0,2406,7005,2659,3885,6682,0,3028,2494,0,1507,3699,0,2674,5333,0,0,4058,0,3249,3205,2081,3717,4363,3734,1781,2783,0,3752,0,1297,2013,2327,1522,2181,971,0,732,2275,0,2079,1377,1779,3762,436,0,2844,1237,0,2591,1525,1507,0,1573,1860,1447,3425,443,0,454,749,0,2194,1630,1675,1639,1959,847,1245,222,1198,1567,1460,545,374,0,864,1668,868,594,1365,0,0,616,552,0,0,402,719,0,441,302,382,841,418,404,638,581,0,224,222,0,670,371,0,595,500,818,562,292
1983,107751,43986,70781,50825,17977,54534,38506,0,15699,32389,29850,29261,29808,17424,31626,26998,28898,27050,28217,27249,26640,36396,27757,23051,89704,23674,12113,25016,18071,17665,0,45496,14070,9190,25066,4630,14215,0,12572,0,18049,0,17906,0,20623,0,0,0,5573,0,0,12591,6973,5310,7745,4466,12606,5369,5931,3718,0,0,0,4537,0,7231,2514,7785,4316,7404,6323,4237,5780,608,6288,3354,12154,4019,0,0,423,0,0,2631,6707,2723,3862,6381,0,3127,2529,0,1562,3236,0,2500,5555,0,0,3891,0,2751,3018,2060,3612,4511,3743,1740,2605,0,3833,0,1321,2047,2371,1571,2075,1003,0,786,2271,0,2082,1363,1763,3530,473,0,2860,1267,0,2609,1434,1514,0,1366,1725,1416,3522,464,0,473,694,0,2147,1660,1687,1649,1805,835,1180,227,1101,1623,1489,541,378,0,803,1644,846,614,1336,0,0,605,549,0,0,412,705,0,452,286,374,904,472,403,581,548,0,236,184,0,626,375,0,583,479,810,501,295
1984,107766,46659,70501,53750,18644,55974,40131,0,16760,33728,30866,31108,30599,18134,33180,27816,28915,27777,29301,27922,27487,35450,28020,23537,88583,24595,13191,25818,18002,17905,0,44490,15105,9275,28016,5055,14909,0,12288,0,18321,0,18305,0,18525,0,0,0,6107,0,0,13008,7682,5544,7192,4583,13993,5578,5826,3908,0,0,0,4556,0,7443,2604,7872,4538,7400,6426,4482,5764,571,6387,3387,12725,4145,0,0,480,0,0,2758,6535,2700,3908,6527,0,3286,2676,0,1622,3275,0,2385,4862,0,0,3779,0,2643,3014,1992,3615,4715,3630,1784,2764,0,3924,0,1382,2105,2410,1621,2056,1040,0,800,2287,0,2081,1417,1590,3532,482,0,2925,1355,0,2795,1402,1469,0,1317,1695,1461,3661,471,378,481,731,423,2215,1592,1587,1600,1685,768,1138,233,1108,1691,1508,557,386,0,843,1611,829,624,1264,0,0,599,547,0,0,398,696,0,417,306,358,903,470,394,591,583,0,222,169,0,506,382,0,576,487,834,533,288
1985,108384,47869,68511,56565,19189,57774,41721,0,16633,34400,32045,32119,31243,17521,34436,28506,29623,28643,30647,28375,28190,34733,28316,24458,80886,24838,13149,26532,18402,18255,0,42602,15651,9349,28786,5398,15221,0,12599,0,18708,0,16926,0,15819,0,0,0,6681,0,0,13112,8269,5659,6806,4698,15236,6148,5873,3768,0,0,0,4676,0,7863,2763,7872,4449,6905,6524,4778,5707,607,6484,3537,12098,4257,0,0,538,0,0,2849,6595,2588,3946,6283,0,3362,2821,0,1667,3265,0,2458,4770,0,0,3683,0,2619,3060,1986,3665,4905,3479,1789,2594,0,3948,0,1387,2165,2565,1668,2020,1076,0,853,2366,0,2066,1469,1435,3300,488,0,2922,1396,0,2759,1351,1488,0,1360,1694,1497,3517,485,383,496,746,432,2021,1490,1589,1504,1692,698,1119,235,1110,1770,1499,558,389,0,880,1584,832,649,1304,1381,0,595,543,0,0,372,690,0,418,318,379,860,557,465,603,593,0,191,169,0,530,383,0,567,449,816,540,313
1986,110242,52413,72463,58642,19098,58543,43708,0,16872,35244,32797,32925,31936,17929,34826,30073,30286,29337,31474,28882,28822,34385,28814,25170,64972,25517,14422,27290,18878,18792,0,40284,16046,9551,28759,5950,15826,0,13109,0,18742,0,16572,0,17604,0,0,0,7477,0,0,13736,9224,5936,6510,4875,14917,6099,6350,3708,0,0,0,4738,0,8317,3009,7471,4573,7214,6680,5372,5736,565,6634,3782,11676,4437,0,0,577,0,0,2968,6550,2625,4091,6131,0,3633,2959,0,1727,3492,0,2455,4117,0,0,3729,0,2680,3122,2058,3699,4464,3510,1940,2769,0,3849,0,1439,2080,2614,1775,2053,1107,0,864,2487,0,2043,1572,1444,3348,529,0,2903,1423,0,2693,1289,1519,0,1326,1720,1531,3185,497,385,508,762,441,1958,1440,1634,1457,1681,715,1092,228,1110,1831,1484,571,394,0,874,1542,860,663,1284,1383,932,599,547,0,0,361,692,513,421,325,398,855,519,471,592,575,0,203,164,0,547,362,0,562,442,832,547,314
1987,112490,54132,74573,59392,19986,59099,43764,0,18415,36304,33126,33761,32346,19655,35770,32287,30678,30300,32801,29523,29181,34841,29384,26471,63352,25543,16190,28158,19902,19783,0,39944,16993,9876,29100,6641,16582,0,13949,0,18258,0,17664,0,15695,0,0,0,8052,0,0,14042,9841,6375,6155,5109,13882,6103,6815,3788,0,0,0,4552,0,8446,3252,7446,4667,7294,6768,5480,5805,569,6712,4158,9411,4699,0,0,634,0,0,3194,6033,2834,4224,6113,0,3900,2953,0,1858,3747,0,2500,3987,0,0,3721,0,2866,3265,2002,3601,4484,3758,2149,2574,0,3714,0,1480,2167,2686,1785,2212,1110,0,889,2493,0,2067,1535,1467,3299,659,4021,2917,1438,0,2555,1293,1523,1135,1333,1741,1585,3105,505,390,517,776,422,1733,1398,1621,1536,1614,795,1087,215,1143,1736,1464,563,399,0,836,1497,879,684,1255,1323,944,602,552,0,0,362,694,514,400,323,387,834,491,464,577,578,0,224,189,0,532,347,0,553,459,832,510,322
1988,117417,58289,76935,58922,21119,60589,43737,0,19976,37063,34460,34853,33244,20358,36866,31757,31644,31788,34878,30819,30145,35179,30604,27926,58147,25383,17421,29325,20145,20747,0,39252,18268,10619,29269,7365,17397,0,15009,0,18972,0,18241,0,17017,0,0,0,8883,0,0,14480,10345,6404,5867,5397,14199,6409,6873,4042,0,0,0,3859,0,8276,3449,7393,4703,7104,6707,6125,5896,566,6635,4338,10329,5207,0,0,694,0,0,3671,6372,2839,4309,6224,0,4242,3349,0,2069,3319,0,2429,3638,0,4311,3611,0,2805,3363,1936,3722,4687,3885,2216,2595,0,3576,0,1537,2119,2628,1825,2364,1122,0,929,2451,0,2079,1684,1525,3219,671,4106,2990,1477,0,2454,1303,1529,1209,1393,1773,1566,3074,542,401,549,796,402,1841,1198,1606,1512,1574,772,1121,187,1102,1550,1460,598,398,0,839,1469,901,714,1305,1459,1050,600,552,494,0,378,683,530,400,340,399,829,549,491,597,592,0,218,205,0,552,337,0,555,415,812,510,329
1989,121989,63380,76628,59289,22436,62704,43992,0,21368,37794,35190,35794,34506,20609,37050,31447,32726,33285,36423,31772,31078,35461,31761,28572,61588,25302,17634,30296,19920,21715,0,37741,19441,11376,30707,7808,17987,0,15999,0,19590,0,17703,0,16287,0,0,0,9434,0,0,14945,10847,6308,5776,5837,15294,7084,6904,4281,0,0,9883,3837,0,8390,3575,7549,4842,6497,6670,6556,6102,543,6576,4557,10905,5095,0,0,712,0,0,4003,6503,2907,4369,6226,0,4263,3379,0,2284,2848,0,2325,3735,0,2443,3547,0,2656,3499,2070,3670,4338,4139,2425,2781,0,3635,0,1621,2108,2631,1856,2607,1132,0,966,2533,0,2072,1700,1578,2753,704,4244,2890,1510,0,2431,1324,1471,1217,1384,1661,1563,3069,562,421,566,813,445,1735,1152,1639,1534,1563,819,1078,191,1112,1475,1372,619,399,0,790,1398,911,727,1332,1325,1057,597,549,497,0,388,677,535,389,347,397,837,557,504,604,614,0,210,217,0,541,325,0,562,408,777,510,325
1990,124648,65922,76016,60227,24315,64344,44569,0,22572,37786,35911,36059,35703,21540,36556,31568,33889,33360,38074,32672,32430,35410,32524,28695,68781,25108,18251,30871,20726,22513,0,37081,20440,11974,29687,8496,17321,15526,16668,14060,19384,0,17935,0,18106,0,0,5947,9917,0,0,14396,11081,6774,5824,5933,14675,7543,6878,4537,5382,0,9571,4062,5890,7984,3805,7791,4885,6246,6569,7087,6115,518,6473,4769,11160,4715,0,0,729,0,0,4133,6086,2696,4467,6060,0,4513,3505,3102,2504,2650,0,2261,4135,3167,3006,3501,3854,4089,3548,1839,3716,3698,4284,2849,2927,1795,3571,0,1708,2225,2571,1761,2842,1190,2406,953,2408,0,2143,1726,1586,2617,768,3965,2697,1558,0,2645,1357,1393,1200,1507,1776,1561,3017,581,433,584,816,462,1683,1126,1568,1524,1491,755,1044,194,1072,1344,1400,642,411,0,834,1384,917,737,1387,1283,1096,588,538,516,0,399,655,542,379,354,384,831,517,482,587,637,1001,208,217,0,517,332,0,563,415,702,489,328
1991,125131,70667,73709,61789,24642,62962,45073,0,23406,37099,35316,35542,36286,21709,35351,31135,34707,31225,39254,33147,33839,34927,32683,28291,65479,23660,19132,31325,21023,23027,0,37171,20065,12385,27924,9319,17595,14135,17436,12457,19746,0,19408,0,20154,0,8870,5511,9703,0,0,13784,11172,6709,5966,6292,14896,7648,7071,4839,4727,0,9062,4352,5210,7963,3931,7970,4866,6721,6675,7014,6150,496,6570,4829,11523,4360,0,0,786,0,0,4309,6132,2670,4468,5852,0,4577,3535,3064,2686,2655,0,2394,4541,3096,4311,3676,3621,1432,3578,1332,3786,2897,4455,2821,2821,1600,3443,0,1794,2261,2731,1584,3109,1229,2461,943,2335,0,2146,1817,1538,2521,759,3624,2635,1540,0,2653,1398,1491,1169,1474,1684,1467,3005,576,450,582,835,469,1654,1099,1555,1571,1439,791,1017,190,1066,1254,1286,672,416,0,840,1382,900,752,1430,1167,993,579,532,509,0,408,640,541,380,367,408,825,544,528,570,655,1013,187,221,0,499,353,0,512,422,620,474,337
1992,125809,71004,74200,63630,25293,62245,45803,0,24221,36455,35033,36287,36627,24006,35249,29708,35046,30027,39488,33518,34229,33924,33041,28328,63854,23671,20155,31564,21885,23128,0,37848,21375,12833,26349,9794,18280,13383,17639,12381,19733,7705,20179,0,20339,0,8601,5632,10040,0,0,12950,11108,6932,6528,6880,15420,8158,7577,5135,4352,0,7737,4613,4937,7792,4133,8104,5177,7157,6722,7477,6229,647,6591,4753,10868,4086,0,0,887,0,0,4314,6044,2915,4559,5586,0,4659,3755,2764,2874,2589,0,2566,4582,2361,4767,3835,3392,1845,3548,1244,3778,1584,4502,2839,2957,948,3423,0,1879,2385,2733,1421,3427,1269,2506,1018,2309,0,2265,1747,1506,2726,794,3263,2401,1575,0,2644,1391,1658,1014,1504,1728,1513,3000,595,478,602,842,481,1644,1079,1544,1721,1385,821,975,206,1048,1180,1356,702,429,0,835,1284,865,788,1274,813,846,566,519,495,0,408,618,543,426,372,398,824,569,498,535,647,1041,164,201,0,492,325,0,503,342,534,431,333
1993,123497,73000,76024,65052,25844,61603,45656,0,26323,35495,36090,36798,36830,24713,35792,29794,34941,29684,39187,33066,33673,32427,32692,28964,61081,24898,21041,31276,22188,22771,0,36914,21011,13275,25939,10362,18968,13796,17258,12376,19304,7821,22218,6743,19519,0,8562,5828,10606,0,0,13004,11462,7343,6448,7215,15651,8485,7721,5503,4425,0,7071,4765,4513,8021,4291,8117,5403,7644,6853,7434,6358,695,6712,4610,10999,4058,0,0,999,0,0,4285,5542,3072,4713,5518,0,4740,3911,2548,3083,2674,0,2755,4557,1788,5004,3681,3146,2334,3632,1371,3767,1111,4879,2859,2978,885,3278,0,1968,2387,2831,1364,3581,1342,2586,1076,2381,0,2364,1705,1501,2696,813,2798,1767,1587,0,2587,1421,1916,969,1437,1704,1566,2889,611,507,615,858,497,1638,1051,1593,1739,1335,837,1017,216,1031,1056,1357,711,439,510,854,1191,841,780,1266,669,715,560,499,484,0,427,603,556,418,376,401,822,464,501,445,646,1029,179,213,0,477,355,0,499,348,444,420,306
1994,125035,74764,75951,67952,27224,61890,47928,0,28342,36629,37133,37814,37693,25246,36993,30603,35643,30728,39442,34028,34359,32296,33338,30001,61843,25827,21814,31942,23227,23203,0,37052,21795,13895,26292,11209,19580,14548,17378,12731,19591,8274,21623,6775,19142,0,8826,6123,11040,0,0,13215,11968,6889,6646,7459,15680,8196,8223,5862,4605,0,6184,4801,4002,8312,4407,8374,5504,7989,7045,7466,6476,783,6898,4635,11111,4146,0,0,1116,0,0,4332,5638,3095,4894,5564,0,4728,3862,2252,3299,2947,701,2971,4424,1416,5159,3659,3094,2352,3735,1494,3841,1011,4899,2863,3086,956,3182,0,2083,2415,2965,1382,3514,1404,2834,1247,2299,0,2443,1854,1531,2696,854,2167,1734,1618,1867,2746,1456,1983,901,1376,1650,1526,2655,639,542,639,862,524,1645,1063,1505,1828,1300,823,907,229,1002,1048,1249,738,447,321,842,1029,837,787,1362,518,571,547,489,477,0,441,584,563,220,396,395,798,495,506,501,652,1047,179,218,0,470,318,0,484,343,411,428,289
1995,126514,74777,78727,70410,29695,61773,49123,0,29473,37871,38095,38369,38676,25556,37599,30473,36538,31902,40369,34767,34787,32577,33918,30680,62682,26653,21894,32864,25033,23737,41801,37714,23193,14673,27018,12163,20282,15142,18059,13567,19910,8732,21910,7209,18746,5329,8970,6549,11508,5147,8619,13427,11202,7315,6874,8004,16047,8010,8046,6278,4902,0,5929,4786,3738,8540,4556,7718,5591,7667,7034,7504,6607,887,6865,4689,11366,4283,0,4600,1225,0,0,4526,5551,3215,5055,5615,3064,4867,4163,2025,3532,3107,870,3111,4462,1235,5298,3717,3057,2329,3897,1703,3843,1077,4965,2939,3123,1043,3240,0,2220,2429,3176,1459,3446,1469,2679,1388,2432,1624,2529,1727,1565,2752,910,1917,1931,1659,1913,2707,1493,1872,876,1342,1652,1575,2685,675,583,670,874,548,1623,1104,1612,1956,1347,850,910,242,1028,1055,1258,747,460,342,863,1110,848,804,1346,447,535,560,505,479,0,477,596,573,302,400,406,780,485,497,526,667,1061,184,216,0,465,367,0,477,316,401,447,262
1996,126768,74790,80260,73576,31645,61833,50262,0,30414,38408,39056,39356,39845,24941,37810,31695,37346,32963,41515,35158,34966,33822,34276,31364,63077,27184,21835,33271,25614,24268,41512,37843,23112,15128,27783,12999,20520,15637,18622,14162,20389,9290,22221,7678,18841,5646,8993,6944,12067,5339,9254,13904,11686,7731,7345,8428,16296,8281,8434,6731,5109,0,5715,4881,3814,8591,4762,8109,5525,7994,7164,7622,6781,1422,6982,4863,11481,4527,0,4865,1332,0,0,4676,5527,3350,5068,5745,3259,5030,4218,2088,3690,3135,1673,3361,4629,1238,5761,3754,3084,2507,3869,1870,3826,1242,4911,2992,3236,1121,3314,0,2358,2563,3224,1480,3386,1515,2512,1509,2590,1532,2522,1913,1619,2724,948,1741,2123,1707,1851,2713,1527,1969,874,1364,1662,1559,2721,712,628,702,891,574,1626,1152,1663,1933,1405,876,941,255,1023,1072,1208,774,470,351,873,1135,858,819,1469,367,564,572,521,488,0,504,609,583,331,411,439,773,479,518,557,730,1070,200,233,0,450,387,0,472,321,386,418,238
1997,128423,78076,83441,77045,34745,63128,51686,0,31857,39565,40154,40614,41356,24376,35997,33247,38085,34947,41862,36403,35540,36907,34953,32489,64865,27379,22758,33862,25963,25061,40465,36409,23388,15803,28023,13672,21322,16448,19355,14104,21199,9822,22282,8779,18683,6161,9294,7387,12775,5871,9876,14501,12062,8186,7883,8932,17179,9164,9091,7042,4875,0,5804,5091,3941,8745,4970,8530,5697,8543,7412,7464,6940,3419,7214,5078,11838,3908,5019,5180,1441,0,0,4948,5766,3588,5152,5792,3504,5164,4370,2336,3546,3278,2265,3582,4589,1298,5746,3832,3112,2946,3944,1676,3909,1418,4808,3027,3131,1171,3297,0,2433,2666,3251,1525,3381,1603,2764,1640,2593,1563,2576,1858,1665,2747,981,1704,2205,1765,2030,2794,1571,1846,903,1369,1720,1585,2627,727,670,714,905,601,1626,1176,1556,1862,1413,943,951,266,1030,1099,1224,789,481,355,895,1145,838,804,1494,368,611,583,532,493,0,515,617,598,353,422,454,787,489,530,617,762,1090,200,252,0,441,392,0,474,300,356,429,232
1998,131759,81771,86061,78598,37373,64822,52641,0,30117,41248,41556,41943,43019,22793,36698,35227,39405,36756,41277,37038,36251,38196,36074,33575,61774,27354,21241,34465,26370,26054,39178,35391,24515,16505,29017,12877,22372,17025,20183,14067,21903,10209,22635,9248,18858,6670,9679,7727,12604,6302,10109,14978,12370,8252,8511,9199,17616,9741,9442,6361,4786,0,5506,5355,3934,8641,5217,8836,5957,8772,7461,7824,7092,4065,7243,5650,11949,4103,5281,5473,1539,0,0,4859,5826,3768,5095,5728,3635,5391,4552,2545,3236,3208,2619,3541,4628,1414,5900,3882,3197,3851,3862,1836,3955,1498,4650,3054,3142,1266,3413,0,2084,2760,3317,1562,3375,1670,3189,1809,2638,1461,2620,1967,1619,2775,1016,1687,2235,1827,2262,2778,1617,1733,927,1370,1762,1595,2648,758,700,740,924,613,1704,1199,1559,1835,1439,957,921,278,1065,1119,1207,790,496,362,904,1150,841,801,1524,381,615,591,539,500,0,525,622,604,354,426,473,789,505,555,584,538,1122,188,270,0,468,396,0,477,303,342,438,241
1999,134877,87516,88475,79633,40836,65607,54014,0,31587,42966,43168,43435,44885,21789,37846,36211,40727,38277,41098,38263,36911,39621,37116,34611,60292,28694,21567,35020,26508,27114,36101,35681,25454,17182,30724,14252,23460,17920,20853,14276,22489,10188,22761,9183,17778,6640,10005,8088,12892,6528,10056,14966,12580,7860,9177,9049,17651,9731,9211,6588,4775,0,5876,5455,4078,8554,5286,8946,6062,8381,7359,7931,7329,4904,7132,6015,10619,3784,4797,5703,1642,0,8780,5214,5676,3930,4801,5779,3304,5437,4678,2642,3346,3204,2864,3666,4608,1505,5784,3939,3316,4392,3730,2085,3694,1573,4657,3099,3393,1317,3473,0,2072,2895,3424,1596,3538,1732,3134,1974,2684,1414,2655,1963,1633,2819,1071,1699,2211,1899,2387,2737,1593,1724,956,1344,1729,1540,2506,810,724,782,942,647,1649,1263,1575,1776,1422,960,938,304,1106,1137,1199,785,508,398,924,1160,837,808,1502,390,628,600,548,512,0,551,624,612,343,437,494,814,484,571,580,533,1132,192,294,0,450,397,0,484,291,320,444,235
2000,138830,93463,95861,81653,44101,67808,55851,60838,33851,44942,44334,44727,46435,22535,39339,37465,42001,40403,42170,39589,37934,40379,38309,35673,63252,29355,23016,36329,27741,28409,36068,35932,26687,18228,31571,15414,24161,18523,21498,14889,23275,10321,22955,10062,18352,6934,10480,8545,14030,6965,10447,15570,13125,8278,9786,9420,18699,9790,9002,7007,4899,9341,6491,5494,4492,8803,5663,9254,6172,8224,7527,7847,7548,5563,7292,6285,10170,3985,4955,5798,1768,0,8964,5211,5727,4051,4863,5938,3518,5579,4753,2809,3458,3243,3015,3630,4816,1659,5717,4007,3449,4322,3570,2245,3664,1634,4659,3118,3316,1403,3556,1851,2144,3002,3437,1600,3864,1825,3088,2215,2856,1447,2666,1976,1669,2887,1120,1818,2205,1982,2128,2841,1601,1643,979,1376,1743,1608,2619,827,765,799,953,673,1722,1294,1474,1482,1357,993,949,342,1115,1147,1296,810,525,431,950,1150,820,820,1449,415,654,608,556,522,641,551,623,613,351,455,489,833,462,555,559,550,1169,197,290,0,429,393,614,490,302,290,423,229
2001,140456,94695,101682,82927,45696,68265,56109,60892,32598,45471,44585,44729,47158,22648,39461,38412,42371,41363,42239,39886,38507,42393,38786,36593,60861,30193,22975,37017,27127,29322,35146,36172,27444,17879,31911,16039,25632,19089,21761,15400,24111,10676,22416,10732,17669,7448,10932,8655,14604,7502,11177,15147,12334,7687,10158,9622,19307,9560,8641,6890,5227,9799,6851,5419,5107,8804,5807,9088,6274,7776,7488,7510,7646,8723,7237,6133,10143,4220,4989,5435,1901,0,8668,5126,5897,4090,4868,6017,3766,5574,4829,2956,3544,3221,3144,3721,4793,1809,5716,3990,3330,4292,3472,2454,3742,1739,4686,3125,3370,1547,3616,2349,2192,3089,3547,1633,3922,1784,3109,2225,3037,1538,2671,2095,1683,2984,1188,2006,2223,2013,1881,2683,1598,1606,1007,1422,1765,1608,2642,852,804,820,967,700,1668,1313,1423,1327,1326,1029,973,377,1139,1165,1294,838,541,454,971,1127,828,828,1465,448,683,623,571,540,732,562,632,622,367,469,507,854,497,622,548,551,1179,208,316,0,444,364,610,504,273,276,432,229
2002,140444,97288,99529,83674,47592,67860,56191,62632,33566,46319,45807,45087,46960,24076,40370,38330,42859,41968,42191,40386,38367,42607,38942,37285,59187,31060,23252,37056,26582,29700,35634,36841,28142,18201,32237,17178,25833,19734,21809,15672,24966,11161,21982,11535,16696,8015,11483,8836,14618,8127,11805,15214,12288,8062,10916,9815,18768,9384,7971,7112,5627,10020,7206,5435,5607,8955,5860,8961,6375,6854,7408,7484,7865,9998,7151,6320,9879,4569,5064,5673,2061,0,8448,5342,5991,4212,4914,6161,4010,5403,5125,3125,3731,3359,3307,3765,5078,1965,5641,4118,3370,3880,3406,2573,3827,1851,4747,3245,3472,1761,3770,2331,2259,3105,3699,1693,3993,1840,3315,2304,3151,1662,2698,2135,1710,3097,1292,2132,2444,2023,1605,2482,1607,1571,1034,1599,1722,1626,2686,869,847,834,986,730,1703,1304,1403,1256,1275,1065,991,418,1118,1183,1292,846,552,475,985,1119,810,829,1331,488,676,632,586,562,667,592,636,641,406,463,514,800,519,622,554,533,1190,205,335,330,449,361,618,428,330,276,438,232
2003,140486,97678,102253,83941,48237,67385,56257,61063,35610,47213,46596,45981,46812,26219,41532,38929,43053,42707,42744,40635,38077,44329,38986,38332,60351,31839,24011,36943,26360,30038,41331,37212,28531,18818,31273,17627,25831,20306,21525,16238,26349,11783,22059,12486,18035,8934,11986,9151,13864,8898,12467,15494,12869,8405,12431,10110,17875,8932,8041,7374,5801,9609,7767,5558,6108,8944,6162,8967,6546,7380,7426,7748,8249,10924,7158,6893,9859,4843,5169,6272,2254,0,9396,5493,6293,4096,5031,6266,4195,5725,5507,3369,3970,3464,3437,3739,5454,2149,5550,4229,3437,2523,3490,2725,3865,2069,4891,3358,3504,2018,3990,2468,2336,3227,3763,1793,4251,1933,3161,2363,3273,1777,2725,2235,1760,3156,1367,2354,2434,2049,1784,2523,1620,1573,1066,1673,1636,1657,2631,922,897,880,1012,763,1707,1318,1459,1304,1232,1116,1033,471,1164,1204,1289,890,568,507,989,1137,811,856,1102,532,716,649,603,583,635,611,646,637,409,474,538,828,573,658,577,524,1200,195,348,343,442,373,424,456,345,283,406,223
2004,142465,99778,103945,86759,50546,68782,57609,65885,38620,49067,47927,47288,47575,32428,42757,41692,43957,44283,43672,41904,38533,46010,39795,39019,60328,32632,25897,37227,26982,30446,44759,36761,29567,18719,30979,18470,28085,21177,21858,17015,27614,12408,22145,13411,18901,9629,12592,9613,14240,9760,12981,15658,13436,9102,13351,10727,17666,8710,8449,7721,6442,10046,8360,5866,6648,9346,6389,9191,6731,7962,7796,8245,8515,14438,7507,6826,9679,5194,5388,6467,2467,3963,9661,5542,6749,4143,5225,6472,4585,5876,5727,3780,4190,3603,3645,3795,5624,2328,5686,4677,3591,3791,3569,2887,4113,2203,4928,3468,3681,2243,4107,2531,2420,3402,3649,1962,4341,2021,3073,2566,3404,1913,2736,2315,1839,3337,1424,2659,2609,2094,2120,2557,1658,1582,1132,1782,1818,1718,2642,979,955,931,1043,799,1648,1370,1485,1355,1221,1127,1078,531,1202,1252,1283,910,588,550,1002,1105,830,900,1035,576,757,671,627,610,622,632,662,639,433,490,546,859,737,648,557,526,1212,215,364,333,428,383,427,466,352,292,422,226
2005,143694,101381,105003,88433,52276,70471,58793,61649,40499,50268,48814,48500,48438,34225,44471,43635,44638,45358,44394,42642,38837,46881,40153,39984,56093,33338,27689,37348,27548,31029,47987,36329,30558,19229,31442,19225,27567,21943,21988,18113,27699,13228,22066,14768,19382,10544,13153,9954,15449,10924,13523,16217,14108,9790,14110,11225,17632,9450,9079,7974,6785,10489,8929,6173,7228,9535,6464,9271,6893,8578,8027,8131,8762,16123,7732,7709,9675,5608,5605,5472,2732,3984,10643,5687,6971,4473,5404,6730,4853,5897,5863,4164,4338,3796,3963,3719,5736,2948,5678,4720,3755,3868,3587,3063,4258,2429,4944,3661,3690,2572,4289,2682,2524,3491,3627,2079,4312,2130,2919,2705,3523,2062,2797,2363,1894,3493,1504,2759,2897,2149,2300,2626,1700,1646,1196,1848,1910,1779,2759,1040,1018,985,1077,843,1696,1409,1567,1396,1216,1178,1126,598,1237,1243,1288,946,618,613,989,1127,855,937,971,603,748,698,661,637,625,651,682,645,465,500,576,813,834,668,517,536,1243,234,377,357,442,385,438,474,354,301,418,221
2006,150491,104943,110191,89828,53466,72824,60893,65820,42786,52317,49443,49406,50034,37922,45858,44860,45952,47004,44995,43443,40364,47845,40850,40798,53335,33871,29446,37902,28571,31761,49345,37400,31469,19640,31633,20131,27293,23130,22305,19286,29176,14351,21796,16299,19368,11508,13704,10571,15774,12346,14195,17102,15662,10340,15899,11809,18079,10126,9441,8255,7373,10576,9693,6585,7917,9806,6747,9547,7290,9175,8346,8532,9296,16591,8046,7382,9143,6035,6078,6734,3063,4235,11165,6039,7290,4819,5693,7018,5121,6160,6315,4609,4526,4048,4177,3908,5955,3921,5692,4969,3942,4180,3703,3264,4372,2673,5061,3860,3730,2934,4298,2780,2628,3640,3593,2228,4403,2276,2946,2883,3569,2167,2905,2513,1959,3633,1589,2984,3116,2255,2219,2781,1751,1696,1270,1910,2003,1852,2882,1107,1079,1044,1117,901,1659,1447,1802,1430,1208,1261,1183,671,1235,1251,1291,990,650,669,999,1128,886,970,932,633,763,728,694,660,587,699,704,639,496,511,594,784,810,676,517,535,1247,252,402,365,451,393,458,485,357,307,429,226
2007,170535,111968,113236,91566,54708,75144,61175,65184,44742,53716,51024,49856,51809,42480,48534,47835,47510,49285,45687,44710,41622,47595,41583,41466,47284,34587,31082,38272,29689,32302,49578,36988,32377,20506,31486,21191,27135,24607,22820,20242,30055,15901,21838,17614,19188,12938,13759,11324,15724,13696,14918,17402,16852,10733,16580,12256,18341,11125,10039,8605,8024,11004,10535,7242,8524,10294,7101,9622,7779,9902,8702,8559,9540,18261,8401,7815,9414,6478,6482,7088,3480,3262,11699,6401,7574,5109,6002,7299,5473,6545,6531,5028,4745,4357,4425,4189,6370,4864,6212,5144,4193,4167,3848,3485,4394,3025,5108,4005,3661,3365,4376,2959,2758,3845,3572,2424,4311,2413,3102,3279,3771,2237,2946,2571,2051,3765,1859,3230,3424,2373,2245,2857,1799,1785,1371,1983,2087,1923,2600,1174,1145,1103,1135,953,1654,1500,1717,1460,1203,1368,1248,747,1262,1277,1270,1039,687,726,1029,1172,921,994,890,669,820,760,734,685,635,734,728,667,521,522,600,784,809,677,497,540,1252,273,422,406,448,419,482,498,376,315,440,226
2008,169964,108577,110468,90862,51202,75794,60505,65047,43216,53059,51841,49319,52728,43007,48495,47889,48053,49441,45166,44557,42101,44318,41456,41025,42457,33941,31554,37654,30040,32073,47900,35844,32726,21153,30191,21665,26791,25430,22859,20614,29875,16773,21563,16762,19833,13414,13929,11798,16545,13380,15202,17446,16579,10692,17065,12554,19168,10645,10732,8850,8918,10620,11088,7815,8698,10711,7456,9588,8034,10201,8939,8858,9599,20533,8637,7869,8827,6920,6938,7573,3797,3967,11845,6658,7797,5207,6127,7432,5807,7008,6642,5560,4802,4716,4677,4260,6316,5267,6779,5185,4418,4434,4037,3776,4596,3108,5042,4010,3659,3628,4408,3121,2885,3966,3713,2601,4348,2538,3319,3455,3783,2416,3009,2691,2105,3851,1929,3322,3668,2498,2346,2970,1878,1737,1471,2061,2154,1961,2671,1193,1198,1122,1208,1010,1583,1531,1662,1510,1206,1436,1309,819,1279,1286,1290,1109,720,764,1049,1182,898,988,726,707,880,790,768,704,694,774,750,679,564,548,616,809,806,686,503,543,1262,295,440,412,465,438,496,517,387,324,441,229
2009,149243,101940,103675,88174,48111,73189,57229,63219,41983,50326,51767,47649,50534,42651,46541,44492,46123,45232,42725,43307,39805,41669,40059,38986,36024,33555,30711,35503,29601,30594,41907,34801,31217,20756,28440,21724,26411,23299,22125,19542,28515,15837,20796,14371,18883,11551,13016,12124,15738,11663,14103,16492,14369,10047,16235,12227,19454,10486,11156,8559,8497,10147,10220,7772,8574,10595,7683,8948,7855,9502,8671,8497,9194,19868,8374,7326,8554,6730,6522,6828,4133,4307,11607,6029,7940,5191,6128,7217,5671,6923,6509,5584,4745,4730,4558,4409,6310,5643,7398,5106,4399,4491,3973,3928,4548,3021,4799,4044,3573,3137,4402,3207,2979,4043,3503,2528,4249,2610,3139,3370,3576,2274,2934,2771,2101,3847,2039,2844,3565,2567,2481,2995,1909,1811,1562,2169,2164,1873,2885,1268,1251,1184,1235,1068,1561,1460,1616,1513,1217,1443,1390,899,1271,1279,1299,1131,748,753,1044,1237,902,993,803,719,895,809,786,720,750,800,763,656,583,568,616,837,813,696,517,547,1274,312,455,488,456,461,502,482,390,322,472,230
2010,150725,104965,101875,87694,48715,74606,58041,67403,47237,52869,52022,48468,50950,52253,47448,43025,46858,46460,44508,44142,41532,40853,40638,39436,33893,33700,32550,36001,30694,30503,38577,35270,31024,21799,28443,23087,26436,23510,22499,19960,26918,16751,20722,14791,19263,11991,13192,12613,15510,11384,13949,16056,13049,10742,16683,12808,18713,10805,11992,9041,8214,10356,10675,8082,9070,11286,8000,9271,8142,10386,9076,8540,9253,17289,8778,7258,8849,6812,6688,7077,4550,4754,12065,6435,8256,5555,6337,7329,5735,6967,6293,6029,5076,5082,4636,4581,6600,5843,7762,5318,4543,4655,4356,4094,4634,3233,4704,4169,3653,3218,4479,3287,3122,4142,3528,2643,4271,2800,3022,3378,3566,2438,2983,2840,2217,3737,2258,2965,3588,2646,2557,2967,1955,1949,1634,2280,2208,1904,3077,1358,1318,1257,1299,1141,1517,1504,1611,1604,1213,1401,1489,979,1280,1287,1316,1137,781,786,1037,1172,952,987,948,750,880,840,815,743,806,819,785,672,610,592,648,861,893,710,534,558,1335,342,472,543,477,479,513,472,402,334,488,234
2011,159431,105265,98913,87413,48670,75030,58576,69679,49194,54148,52568,48866,51500,62122,48464,43701,48065,47423,44539,44310,43970,41192,41329,39731,34635,34233,33888,36193,31573,30147,39940,36122,30364,21808,28249,23755,26647,23663,22150,20269,24496,17206,20517,15940,20554,13005,13485,13206,15656,12343,13970,15900,12618,11764,16534,13456,17971,11967,12575,9372,8412,11179,11125,8842,9603,11628,8313,9478,8390,10883,9368,8934,9292,17610,9060,7275,9137,7018,6897,7385,4961,5202,4539,6728,8640,5661,6712,7455,5899,6948,6263,6365,5094,5360,4737,4802,6695,5676,7454,5491,4645,4847,4479,4210,4922,3501,4759,4234,3736,3371,4523,3401,3271,4022,3784,3044,4250,3015,3218,3469,3685,2581,3084,2949,2264,3638,2411,3138,3580,2636,2733,2923,2024,1928,1715,2338,2165,1939,3058,1410,1386,1304,1446,1213,1514,1577,1629,1677,1133,1592,1526,1026,1263,1303,1338,1193,822,828,1038,1226,983,993,1066,787,921,856,827,777,838,868,799,695,642,612,670,767,864,711,553,588,1133,369,493,529,470,488,538,466,418,345,505,236
2012,159100,102405,93327,88605,48573,74984,58488,67651,50144,53433,53682,49603,50781,66271,48786,44032,48172,46539,45277,44361,44071,39770,41258,40040,35417,34808,34086,35019,31695,29236,40287,35967,28874,22503,28800,24198,26980,22990,21337,20082,22831,17502,20925,16497,21007,13687,13368,13381,15173,13028,13677,15788,12877,12128,16637,14036,18213,12000,12981,9743,8622,11434,11554,9541,9923,11746,8580,9691,8690,10650,9524,8860,9347,18254,9201,7147,9259,7084,6703,7252,5325,5669,10067,6945,8773,5745,6912,7500,5887,6870,6342,6479,5438,5643,4771,5033,6122,5725,7179,5669,4620,5320,4395,4277,5122,3751,4703,4432,3781,3604,4587,3465,3421,4142,3846,3353,4253,3286,3064,3462,3504,2566,3157,2995,2380,3529,2505,3154,3748,2636,2829,2893,2094,1976,1814,2372,2281,1982,3276,1469,1443,1358,1544,1291,1561,1658,1653,1664,1224,1745,1591,1092,1292,1326,1348,1267,866,874,1058,1214,1001,1006,1223,827,905,878,848,788,873,873,822,720,681,643,692,783,909,685,574,563,1129,390,515,576,499,483,565,467,470,358,529,239
2013,172290,103722,92775,88445,48971,75500,58788,67116,51725,53611,54130,50171,50565,71992,49398,45421,47901,45907,46249,44355,44143,39144,41283,40623,36979,35450,35003,33979,32399,28911,38699,34730,27044,23404,27755,24850,27207,22722,21257,20066,22251,17600,21805,16779,20929,14318,13654,13540,15847,13472,13654,15533,12645,12936,16896,14461,17787,12489,13541,10062,8980,11068,11731,10027,10368,11993,8849,9694,8786,10785,9684,8537,9355,16764,9352,7266,9418,7147,6935,7436,5711,7033,8650,7646,8930,5955,7201,7564,6087,6796,6448,6543,5559,5919,4969,5190,6035,5982,6979,5883,4751,5506,4699,4327,5296,3899,4699,4571,3958,3705,4622,3563,3563,4220,3894,3670,4212,3371,3169,3445,3460,2799,3213,3087,2498,3439,2526,3160,3797,2633,2891,2868,2201,2010,1922,2464,2313,2001,3173,1545,1506,1422,1619,1374,1604,1716,1671,1706,1300,1779,1620,1174,1291,1360,1375,1311,907,923,1103,1234,1032,1028,1226,868,984,911,876,817,876,875,844,731,696,671,711,782,929,680,593,566,1151,419,535,588,506,494,597,465,555,375,335,243
2014,182611,105659,89154,89175,52775,76411,59438,67171,53068,54493,54679,51066,51101,69581,50307,45854,47843,45551,46484,44856,44931,40915,41481,41377,38495,36185,35718,33667,32978,29399,37159,33417,26834,24692,27785,25486,27326,23328,21541,20499,22566,18047,22395,17326,21087,14952,14270,14008,16695,13746,13663,15485,12976,13346,16636,14561,16870,12850,13935,10524,9339,11751,11609,10358,10646,11951,9164,9843,8994,10399,9680,8649,9335,16146,9343,7748,9477,7323,7051,7625,6104,8126,6531,7864,8856,6302,7449,7583,6018,7091,6512,6650,5589,5996,5114,5249,6233,6073,6754,6113,4920,5342,4861,4413,5412,4069,4705,4578,4175,3819,4701,3617,3693,4302,4002,3880,4271,3506,3178,3423,3435,2940,3253,3125,2613,3396,2640,3124,3843,2649,2820,2853,2286,2237,2025,2550,2287,2026,3281,1640,1579,1502,1628,1456,1571,1775,1692,1678,1379,1783,1644,1257,1339,1402,1371,1339,951,973,1140,1258,1060,1054,1233,904,1004,941,904,846,898,890,866,741,720,711,720,748,961,708,612,556,1119,449,559,584,519,508,586,468,568,397,334,245
2015,189548,107638,89709,90029,65433,76553,60402,67443,54010,56340,55080,52168,51872,53479,50262,47534,47789,45648,47103,45507,45208,42141,41794,42017,40248,36792,36261,33961,33071,30550,35969,32873,27898,26427,27583,26064,27519,23826,22018,21561,22615,18898,22353,17634,21399,15399,14850,14611,16726,14414,14111,15836,13328,13924,16840,14722,16658,13188,13939,10912,9660,12609,11355,10766,10617,11431,9477,10042,9219,10568,9591,8492,9363,14094,9241,8194,9521,7664,7286,7502,6500,8007,5900,7614,8465,6662,7580,7557,6157,6891,6581,6385,5741,6114,5353,5257,6070,6064,6488,6275,5105,5296,4944,4524,5331,4186,4722,4641,4352,3924,4776,3817,3824,4308,4059,3895,4301,3647,3429,3415,3558,2954,3315,3222,2735,3350,2781,2829,3748,2705,2859,2782,2361,2337,2139,2550,2277,2067,3097,1752,1667,1594,1626,1539,1711,1836,1733,1656,1464,1826,1641,1335,1385,1442,1354,1364,1002,1025,1129,1261,1093,1081,1234,936,1021,958,915,872,908,904,882,750,765,732,727,755,957,730,631,575,785,483,580,574,521,508,571,470,441,411,347,228
2016,194368,110162,90062,90196,67078,77026,61878,67188,55043,56789,55729,52644,52727,52163,50194,49985,48216,46796,47403,45851,45845,44108,42140,42500,41045,37353,36818,34459,33721,31449,35887,31685,29644,26834,27706,26726,27702,24569,22534,22065,22666,19276,22273,18190,21270,15989,15213,15076,17058,14892,14707,16202,13918,14153,15697,14777,16679,13606,14124,11244,10173,12556,11356,11107,10583,10966,9834,10183,9510,10239,9459,8787,9178,12358,9100,8449,9429,8013,7500,7631,6908,7928,5670,7797,7913,7026,7633,7477,6396,7055,6687,6216,5916,6262,5592,5430,6791,5813,6412,6143,5247,5929,5090,4682,5176,4305,4762,4650,4440,3917,4829,3996,3968,4311,4310,3866,4217,3769,3494,3532,3825,3120,3383,3213,2887,3315,2971,2904,3530,2763,3043,2804,2426,2416,2230,2443,2290,2111,2712,1876,1753,1697,1645,1622,1773,1895,1705,1707,1530,1866,1653,1402,1432,1469,1367,1422,1062,1080,1135,1265,1130,1118,1224,976,1044,984,929,904,920,913,895,810,789,730,748,747,869,750,649,596,694,514,585,571,530,506,548,476,458,407,360,220
2017,186185,109453,94310,91549,71756,77684,63216,64473,57379,57467,56058,53552,53942,56423,51170,51046,49031,48213,48511,46409,46862,44431,43015,43011,41460,37725,37929,35086,34243,32309,33359,31753,30650,28202,28283,27493,27561,25730,23381,23144,23053,19832,22167,19168,20694,16908,15912,15803,16589,15513,15397,16254,14221,14975,15262,14741,16067,14029,14437,11737,10982,12258,11551,11530,10868,11022,10199,10278,9776,10419,9536,9046,9168,11225,9183,8776,9212,8354,7852,7837,7347,7573,7086,7859,7973,7273,7621,7476,6565,6561,6731,6375,6135,6314,5829,5605,6949,5765,6371,6013,5301,5636,5272,4864,5206,4513,4786,4699,4650,4199,4792,4134,4121,4343,4416,3997,4212,3860,3590,3620,3848,3322,3441,3305,3043,3306,3072,2989,3410,2819,3025,2854,2491,2452,2290,2400,2280,2176,2521,1987,1853,1791,1739,1707,1763,1958,1716,1752,1601,1900,1661,1483,1495,1482,1387,1392,1127,1136,1167,1277,1156,1155,1263,1025,1072,1014,949,937,866,913,912,869,799,779,772,760,818,766,661,615,643,548,590,571,535,513,548,481,467,409,371,214
2018,196061,110702,93832,92120,76663,79235,64272,63933,59073,57911,56832,54833,54894,58642,51476,51593,50052,48880,48766,47036,47314,45134,43720,43324,41327,38522,38699,35485,34750,32949,33112,31437,31507,28644,28845,28158,27362,26760,24085,23801,23547,20551,21478,19933,20820,17742,16793,16649,16944,16263,15971,16137,15135,15190,15161,15112,15797,14417,14617,12131,11541,12685,11844,11755,11166,11080,10577,10386,9937,10050,9598,9237,9263,10135,9238,9092,9051,8675,8253,8157,7807,8143,8039,8033,8100,7698,7694,7434,6898,6697,6853,6586,6370,6454,6097,5825,6440,5801,6214,5942,5452,5475,5380,5075,5181,4734,4855,4762,4795,4407,4754,4277,4285,4408,4378,4211,4217,3946,3636,3740,3754,3527,3507,3361,3191,3310,3129,3106,3234,2909,2986,2865,2560,2398,2374,2383,2280,2219,2304,2086,1964,1878,1808,1786,1778,1857,1704,1774,1668,1812,1678,1573,1547,1502,1403,1375,1203,1203,1211,1282,1201,1198,1306,1073,1091,1044,969,959,840,934,923,897,845,818,800,791,812,779,677,623,633,571,593,565,552,515,541,490,473,419,379,211
2019,196061,111062,94267,92556,79703,79407,65820,63282,58830,58013,57187,55753,55489,55111,51589,51332,50553,49397,49188,47618,47447,45887,44317,43712,41420,38993,37928,35680,35279,33393,32702,32327,32093,28976,28909,28675,27684,27427,24659,24266,24024,20999,20913,20856,20542,18610,17572,17407,17295,16722,16510,16100,15704,15125,15105,15091,15082,15049,14597,12487,12092,12078,12012,11910,11518,11122,10893,10268,10047,9742,9590,9351,9298,9238,9228,9220,9178,9059,8590,8477,8242,8223,8122,8093,8047,8002,7838,7346,7230,6917,6863,6679,6502,6487,6304,6107,5923,5880,5792,5766,5625,5589,5310,5211,5097,4978,4867,4818,4739,4732,4700,4462,4451,4405,4355,4353,4150,4012,3943,3908,3869,3720,3572,3396,3338,3326,3262,3225,3111,3010,2939,2887,2580,2490,2459,2374,2279,2241,2166,2152,2082,1933,1884,1841,1790,1763,1756,1749,1727,1724,1654,1608,1584,1518,1399,1353,1288,1269,1260,1245,1237,1185,1183,1121,1116,1072,989,985,978,963,935,921,901,859,822,815,814,792,696,636,631,603,589,573,563,524,516,500,488,424,384,208