Country Name,Afghanistan,Angola,Albania,Andorra,Arab World,United Arab Emirates,Argentina,Armenia,Antigua and Barbuda,Australia,Austria,Azerbaijan,Burundi,Belgium,Benin,Burkina Faso,Bangladesh,Bulgaria,Bahrain,"Bahamas, The",Bosnia and Herzegovina,Belarus,Belize,Bermuda,Bolivia,Brazil,Barbados,Brunei Darussalam,Bhutan,Botswana,Central African Republic,Canada,Switzerland,Chile,China,Cote d'Ivoire,Cameroon,"Congo, Dem. Rep.","Congo, Rep.",Colombia,Comoros,Cabo Verde,Costa Rica,Caribbean small states,Cyprus,Czech Republic,Germany,Dominica,Denmark,Dominican Republic,Algeria,Ecuador,"Egypt, Arab Rep.",Spain,Estonia,Ethiopia,Fragile and conflict affected situations,Finland,Fiji,France,Gabon,United Kingdom,Georgia,Ghana,Guinea,"Gambia, The",Guinea-Bissau,Equatorial Guinea,Greece,Grenada,Guyana,High income,"Hong Kong SAR, China",Honduras,Heavily indebted poor countries (HIPC),Croatia,Haiti,Hungary,Indonesia,IDA only,India,Ireland,"Iran, Islamic Rep.",Iraq,Iceland,Israel,Italy,Jamaica,Jordan,Japan,Kazakhstan,Kenya,Kyrgyz Republic,Cambodia,Kiribati,St. Kitts and Nevis,"Korea, Rep.",Kuwait,Latin America & Caribbean (excluding high income),Lao PDR,Lebanon,Liberia,Libya,St. Lucia,Latin America & Caribbean,Least developed countries: UN classification,Low income,Sri Lanka,Lesotho,Lithuania,Luxembourg,Latvia,"Macao SAR, China",Morocco,Monaco,Moldova,Madagascar,Maldives,Mexico,North Macedonia,Mali,Malta,Myanmar,Montenegro,Mongolia,Mozambique,Mauritania,Mauritius,Malawi,Malaysia,North America,Namibia,Niger,Nigeria,Nicaragua,Netherlands,Norway,Nepal,Nauru,New Zealand,Oman,Pakistan,Panama,Peru,Philippines,Palau,Papua New Guinea,Poland,Puerto Rico,Portugal,Paraguay,West Bank and Gaza,Qatar,Romania,Russian Federation,Rwanda,South Asia,Saudi Arabia,Sudan,Senegal,Singapore,Solomon Islands,Sierra Leone,El Salvador,Serbia,Suriname,Slovak Republic,Slovenia,Sweden,Eswatini,Seychelles,Chad,Togo,Thailand,Tajikistan,Timor-Leste,Tonga,Trinidad and Tobago,Tunisia,Turkey,Tuvalu,Tanzania,Uganda,Ukraine,Uruguay,United States,Uzbekistan,St. Vincent and the Grenadines,Vietnam,Vanuatu,Samoa,Kosovo,"Yemen, Rep.",South Africa,Zambia,Zimbabwe
1960,,,,,,,5643,,,19378,13031,,213,13022,712,269,372,,,17735,,,1079,33363,1005,3417,,,,408,600,16406,,3612,192,1226,957,1039,1564,2339,,,2911,,,,,,20538,1324,2481,2238,579,7376,,,1515,12185,1774,12744,4366,13934,,1057,,,,,6260,,2565,11628,,1096,658,,1512,,690,,330,,2979,,11702,8789,10879,,,8608,,537,,,,,932,,3638,,,,,,3693,,,,262,,27086,,,,,,819,,3907,,,,153,,,,,,238,1354,17462,,826,1360,1506,16387,23167,266,,,,302,2139,2660,1100,,1012,,5832,4501,1364,,,,,351,332,,876,1362,3503,,373,,,3335,,,18062,,2830,697,375,571,,,,4007,,3175,,,,,5475,17563,,1752,,,,,,4624,1496,995
1961,,,,,,,5853,,,19469,13677,,181,13625,724,276,384,,,18674,,,1101,34080,1007,3660,,,,425,619,16590,,3723,141,1300,949,903,1654,2383,,,2858,,,,,,21696,1251,2091,2287,592,8173,,,1496,13019,1774,13203,4963,14199,,1059,,,,,7030,,2606,11999,3381,1086,642,,1439,,711,581,336,,3236,,11466,9456,11693,,,9396,,480,,,,,968,,3770,,,,,,3828,,,586,262,,27868,,,,,,816,,3977,,,,151,,,,1382,,251,1412,17577,,839,1336,1568,16220,24426,267,,,,313,2304,2775,1124,,1056,,6134,4712,1421,,,,,329,338,,854,1365,3664,,374,,,3400,,,18999,,2617,693,416,584,,,,4480,,3135,,,,,5539,17671,,1805,,,,,,4685,1471,1023
1962,,,,,,,5711,,,19246,13954,,193,14278,689,289,394,,,19609,,,1123,34763,1042,3740,,,,444,586,17493,,3794,132,1267,957,1067,1698,2435,,,2903,,,,,,22747,1416,1638,2332,599,8904,,,1574,13317,1775,13911,5275,14234,,1068,,,,,7014,,2561,12543,3704,1117,671,,1523,,705,605,339,,3424,,12192,9926,12335,,,10138,,509,,,,,977,,3845,,,,,,3903,,,594,296,,27903,,,,,,814,,4035,,,,154,,,,1352,,246,1455,18379,,899,1362,1686,17085,24912,268,,,,319,2420,2968,1139,,1102,,6507,4987,1430,,,,,360,342,,889,1326,3833,,385,,,3440,,,19699,,2763,716,427,609,,,,4527,,3230,,,,,5384,18463,,1847,,,,,,4853,1392,1003
1963,,,,,,,5323,,,20053,14438,,197,14788,710,281,381,,,20609,,,1146,34324,1091,3665,,,,460,572,18089,,3935,142,1396,971,1094,1589,2438,,,2993,,,,,,22713,1460,2146,2314,644,9673,,,1614,13657,1825,14572,5529,14816,,1080,,,,,7816,,2187,13065,4142,1125,674,,1466,,671,605,352,,3579,,13208,10590,12932,,,10886,,537,,,,,1036,,3825,,,,,,3895,,,595,321,,28564,,,,,,787,,4229,,,,170,,,,1287,,237,1513,18920,,956,1448,1813,17467,25661,268,,,,338,2550,3009,1180,,1125,,6917,5259,1458,,,,,319,353,,840,1314,4113,,385,,,3539,,,20632,,2966,691,444,639,,,,4713,,3440,,,,,5330,19000,,1712,,,,,,5081,1395,1030
1964,,,,,,,5773,,,21036,15221,,205,15668,745,284,411,,,21688,,,1169,37202,1112,3685,,,,480,573,18930,,3957,164,1580,984,1039,1607,2511,,,2995,,,,,,24620,1509,2214,2415,700,10086,,,1680,14293,1853,15337,5700,15535,,1071,,,,,8520,,2378,13750,4392,1153,679,,1414,,677,616,370,,3807,,14262,10988,13185,,,12031,,545,,,,,1105,,4006,,,,,,4071,,,604,341,,30467,,,,,,798,,4588,,,,157,,,,1595,,237,1545,19747,,930,1487,1964,18661,26743,284,,,,355,2585,3115,1182,,1197,,7262,5588,1480,,,,,274,372,,808,1327,3884,,404,,,3671,,,21875,,3064,660,498,662,,,,5013,,3542,,,,,5398,19825,,1756,,,,,,5347,1519,985
1965,,,,,,,6286,,,21862,15649,,209,16079,770,290,405,,,22864,,,1191,38039,1143,3693,,,,497,568,19765,,3920,187,1475,981,1022,1623,2525,,,3132,,,,,,25542,1280,2290,2422,715,10601,,,1711,15001,1751,15893,6077,15766,1873,1055,,,,,9394,,2572,14339,4905,1222,689,,1417,,666,623,353,,4347,,15051,11575,13502,,,12595,,538,,,,,1156,,4106,,,,,,4170,,,605,342,,29901,,,,,,774,,4763,,,,170,,,,1797,,263,1617,20737,,966,1527,2087,19998,27939,275,,,2315,382,2739,3198,1206,,1293,,7808,6030,1530,,,,,287,360,,839,1308,4088,,426,2358,,4003,,,22498,,2956,652,559,695,,,,4997,1113,3557,,,,,5395,20831,,1753,,,,,,5532,1719,999
1966,,,,,,,6152,,,21878,16416,,213,16475,783,287,402,,,23861,,,1211,42735,1200,3742,,,,518,560,20701,,4283,202,1587,1002,1061,1601,2581,,,3244,4681,,,,,26032,1408,2120,2345,732,11253,,,1670,15299,1705,16557,6237,15926,1991,985,,697,,,9930,,2655,15042,4949,1251,689,,1382,,666,620,345,,4709,,16090,11276,14199,3796,,13809,,598,,,,,1262,,4147,,,,,,4229,,,620,333,,30015,,,815,,,771,,4898,,,,158,,,,1748,,290,1696,21822,,935,1431,2091,20280,28766,289,,,2371,393,2862,3366,1222,,1339,,8295,6323,1519,,,,,299,355,,786,1307,4393,,426,2455,,4642,,,22751,,3284,628,589,750,,,,5158,1128,3863,,,,,5503,21931,,1735,,,,,,5631,1574,981
1967,,,,,,,6255,,,22965,16784,,237,17017,776,308,382,,,25082,,,1233,47478,1250,3821,,,,537,574,20960,,4362,185,1601,872,1021,1591,2612,,,3323,4818,,,,,27256,1411,2256,2382,719,11598,,,1584,15547,1887,17220,6365,16282,2095,991,,679,,,10408,,2723,15582,4903,1287,684,,1327,,657,611,365,,5118,,15632,11123,15109,3816,,15197,,597,,,,,1345,,4219,,,,,,4302,,,644,362,,29982,,,875,,,792,,5027,,341,,145,,,,1756,,304,1716,22123,,910,1180,2171,21110,30311,280,,,3832,404,3017,3399,1249,,1363,,8742,6843,1615,,,,,310,370,,775,1255,4835,,419,2517,,5061,,,23337,,3221,621,594,790,,,,5229,1106,3951,,,,,5249,22236,,1554,,,,,,5883,1647,1028
1968,,,,,,,6461,,,23713,17444,,230,17661,790,312,406,,,26161,,,1286,47563,1328,4147,,,,581,570,21655,,4444,173,1737,905,1035,1666,2691,,,3500,5036,,,,,28595,1373,2428,2358,690,12202,,,1615,15834,1992,17853,6390,17085,2169,972,,724,,,11086,,2710,16407,4963,1332,695,,1344,,709,625,369,,5721,1454,14576,12662,15996,3985,,17097,,623,,,,,1487,,4448,,,,,,4526,,,666,352,,31156,,,939,,,825,,5333,,349,,159,,,,1878,,290,1808,22945,,888,1140,2134,22232,30737,276,,,6770,422,3136,3311,1273,,1390,,9138,7483,1644,,,,,322,377,14253,767,1296,5395,,420,2529,,5310,,,24051,,3381,607,595,830,,,,5468,1195,4120,,,,,5300,23071,,1638,,,,,,5971,1616,1014
1969,,,,,,,6981,,,24858,18475,,221,18779,796,313,399,,,27535,,,1315,48286,1359,4435,,,,653,599,22440,,4544,197,1831,926,1100,1742,2781,,,3589,5250,,,,,30289,1479,2558,2396,708,13159,,,1683,17363,2000,18979,6764,17341,2251,1007,,721,,,12322,,2859,17167,5438,1302,707,,1369,,737,632,385,,6480,1450,14784,14009,16876,4153,,18837,,650,,,,,1666,,4607,,,,,,4690,,,701,350,,34096,,,995,,,833,,5348,,345,,160,,,,1845,,299,1851,23456,,816,1384,2200,23389,31861,283,,,8252,433,3304,3334,1295,,1471,,9913,7710,1678,,,,,346,391,14541,755,1176,6050,,447,2547,,5442,,,25079,,3302,636,631,859,,,,5580,1224,4187,,,,,5571,23555,,1668,,,,,,6091,1558,1102
1970,,,,41702,,,7084,,,26121,19574,,264,19808,795,308,411,,,25196,,,1345,50401,1400,4704,,,,745,602,24774,49581,4552,229,1940,931,1067,1801,2879,,,3755,5430,,,19681,,30542,1699,2708,2488,730,13572,,,1822,18267,2207,19985,7206,17923,2498,1077,,743,493,,13392,,2942,17511,5796,1310,720,,1354,,772,645,396,12745,7011,1465,16240,13450,17671,4590,,18700,,598,,,2394,,1793,,4799,,,,,,4877,,,712,350,,35457,,,1019,85789,,854,,5524,,361,3727,164,,,,2004,,293,1916,23361,,817,1691,2163,24520,32245,284,,20080,9098,469,3435,3352,1305,,1593,,10611,8760,1727,,,,,356,404,22134,776,1240,6787,,477,2554,,5522,,,26657,1226,3512,635,622,929,,,,5727,1253,4221,,,,,5671,23207,,1828,,,,,,6244,1581,1305
1971,,,,41450,,,7368,,,26263,20483,,267,20560,766,306,381,,,24942,,,1369,52515,1439,5108,,,,910,599,25009,51332,4901,238,2034,939,1100,1885,2978,,,3906,5481,,,20261,,31242,1832,2335,2569,743,14033,,,1881,18674,2310,20881,7796,18474,2533,1103,,721,465,,14380,,2996,18012,6086,1322,731,,1417,,805,643,394,13034,7812,1493,18213,14461,17909,4632,,19328,,705,,,2302,,1944,,4993,,,,,,5076,,,706,359,,36057,,,1054,89372,,863,,5561,,364,3817,167,,,,1981,,332,2059,23805,,840,1888,2167,25276,33836,275,,20531,8872,459,3659,3410,1337,,1654,,11106,9381,1779,,,,,350,398,25519,770,1201,7491,,484,2584,,5718,,,26724,1354,3987,607,602,947,,,,5723,1356,4351,,,,,5639,23670,,1862,,,,,,6340,1528,1373
1972,,,,42606,,,7369,,,26794,21629,,247,21564,798,308,322,,,23531,,,1481,53861,1520,5588,,,,1114,590,26083,52572,4774,241,2026,939,1073,1988,3134,,,4121,5819,,,21031,,32284,1968,2895,2621,749,15010,,,1871,20000,2432,21649,8522,19207,2579,1046,,702,485,,15738,,2864,18828,6604,1358,724,,1407,,839,619,382,13675,8702,1499,19057,15810,18465,5379,,20663,,797,,,2541,,2045,,5240,,,,,,5309,,,690,350,,37973,,,1057,92243,,829,,5841,,379,4044,167,,,,1909,,343,2200,24794,,775,1906,2148,25906,35368,278,,21204,9399,450,3721,3433,1370,,1706,,11670,10148,1852,,,,,340,383,29936,709,1240,8332,,478,2674,,5704,,,27255,1387,4138,599,630,960,,,,5977,1561,4563,,,,,5559,24650,,2317,,,,,,6275,1614,1436
1973,,,,43744,,,7454,,,27077,22561,,262,22868,809,304,328,,,24803,,,1535,55067,1573,6220,,,,1307,593,27527,53777,4462,254,2048,963,1130,2089,3271,,,4331,5709,,,21967,,33403,2163,2924,2903,758,16001,,,1928,21275,2659,22843,9221,20421,2722,1046,,744,481,,16935,,2868,19841,7209,1422,725,,1450,,884,620,386,14093,9193,1515,20049,16031,19647,5002,,22138,,813,,,3028,,2309,,5586,,,,,,5630,,,724,432,,40678,,,1073,96728,,785,,6118,,367,4215,162,,,,1768,,342,2401,25967,,625,1960,2217,27091,36713,271,,22414,7754,469,3813,3551,1450,,1774,,12146,11281,1941,,,,,342,388,35405,692,1136,9045,,479,2735,,5647,,,28288,1469,4444,536,638,1029,,,,5990,1517,4600,,,,,5573,25794,,2037,,,,,,6388,1545,1422
1974,,,,44186,,,7741,,,27484,23411,,257,23837,816,323,354,,,20245,,,1716,55966,1584,6623,11160,45632,,1373,621,28036,54267,4497,254,2039,1038,1134,2189,3383,,,4460,5468,,,22153,,32875,2233,3058,3139,754,16716,,,1994,21849,2674,23654,12622,19901,2936,1089,,764,495,,15786,,3055,19877,7153,1363,746,,1508,,927,643,382,14452,9519,1703,20908,16569,20592,4715,,21454,,815,,,4336,,2486,,5817,,,,,,5850,,,738,468,,41842,,,1109,99441,,779,,6288,,355,4641,167,,,,1925,,357,2539,25680,,661,2124,2454,27804,37917,282,,23268,8287,472,3801,3780,1460,,1776,,12243,11252,2053,,,,,336,388,39152,747,1150,9440,,486,2813,,5720,,,29108,1508,4421,550,654,1046,,,,6128,1604,4744,,,,,5730,25421,,1837,,,,,,6602,1590,1464
1975,,,,42711,4069,103605,7618,,,27514,23388,,255,23301,758,327,333,,,16904,,,1752,58513,1662,6805,10881,43937,,1435,612,28033,50336,3856,272,2108,1123,1049,2289,3386,,,4441,5347,7360,,22043,,32303,2290,3123,3389,803,16626,,,1956,22145,2636,23280,14747,19609,3130,931,,832,528,,16634,,3279,19668,7054,1351,741,,1497,,949,629,407,15020,9021,1854,20776,16720,20042,4634,,21766,,792,,,4503,,2636,,5926,,,,,,5929,,,769,394,,38668,,,1167,97059,,767,,6466,,389,5508,169,,,,1773,,368,2498,25410,,625,1959,2376,27558,39576,280,,22424,9843,478,3765,3838,1498,,1718,,11940,10362,2141,,,,,319,407,33902,837,1203,9674,,484,2829,,5920,,,29733,1666,4457,586,655,1071,,,,6129,1680,4967,,,,,6066,25120,,1678,,,,,,6543,1502,1388
1976,,,,42634,4566,103767,7351,,,27944,24502,,270,24574,746,348,344,,,17410,,,1727,63504,1701,7296,11290,50736,,1529,633,29293,49914,3943,263,2273,1032,965,2244,3468,,,4567,5347,8924,,23234,,34131,2383,3291,3541,890,16995,,,2044,22154,2658,24165,19582,20185,3297,879,,865,551,,17500,,3293,20480,8091,1447,751,,1593,,990,644,404,15002,10261,2104,21797,16404,21363,4266,2171,22464,,779,,,3250,,2937,,6151,,,,,,6152,,,780,426,,39452,,,1264,100047,,722,,6571,,435,6413,176,,,,1869,2405,375,2719,26530,,612,2075,2424,28561,41686,286,,22433,11284,488,3729,3792,1586,,1618,,12478,10766,2246,,,,,370,407,37981,946,1277,10254,,471,2907,,6465,,,29938,1580,5078,592,627,1142,,,,6432,1772,5362,,,,,6280,26223,,1833,,,,,,6524,1543,1350
1977,,,,42514,4786,109319,7744,,5197,28625,25737,,294,24697,763,342,344,,,18600,,,1814,66997,1746,7454,11638,54170,,1647,643,29948,51303,4288,280,2331,1141,945,1984,3532,,,4845,5486,10382,,24066,2619,34661,2441,3366,3503,948,17299,,,2091,22145,2764,24888,16742,20688,3500,882,,865,511,,17782,2944,3171,21098,8911,1549,758,,1620,,1050,649,424,16015,9542,2076,23544,16207,21817,4105,2291,23225,,822,,,3054,4301,3248,,6293,,,,,3613,6304,,,805,504,,40002,,,1309,102457,,719,,6618,,454,7166,182,,,,1781,2521,382,2856,27441,,640,2136,2547,29107,43237,288,,21385,10810,492,3674,3707,1629,,1591,,13028,11249,2441,,,,,365,423,38670,972,1213,10806,,462,3039,,7130,,,29356,1546,4665,593,657,1225,,,,6923,1791,5421,,,,,6337,27161,,2054,,,,,,6359,1424,1218
1978,,,,41901,4601,94684,7285,,5436,28548,25703,,284,25375,753,351,359,,,20776,,,1930,67717,1743,7514,12143,55769,,1811,636,30743,51508,4549,307,2471,1352,869,2050,3746,,,5014,5733,11149,,24812,2862,35323,2434,3570,3606,1006,17383,,,2046,22727,2764,25772,12425,21556,3738,939,,890,578,,18825,3141,3083,21786,9473,1592,756,,1686,,1095,647,438,16924,7937,2355,24766,16750,22444,4054,2558,24230,,846,,,3041,4494,3550,,6377,,,,,3926,6406,,,835,579,,41557,,,1306,105373,,680,,7029,,440,7883,190,,,,1721,2584,406,2969,28603,,706,1952,2277,29708,44739,294,,21447,9857,515,3934,3517,1667,,1683,,13750,11442,2664,,,,,385,438,34790,884,1138,11506,,462,3137,,7591,,,29783,1517,5619,579,713,1322,,,,7513,1863,5380,,,,,6634,28363,,2232,,,,,,6392,1384,1148
1979,,,,40617,4974,102669,7910,,5883,29383,27126,,282,25946,781,356,366,,,25633,,,2041,68914,1708,7835,13042,66020,,1955,605,31570,52685,4860,326,2420,1391,849,2186,3861,,,5122,5953,12158,,25830,2316,36599,2485,3725,3643,1027,17238,,,2068,24283,3041,26578,12190,22345,3984,897,,849,587,,19202,3336,3002,22495,10006,1630,742,,1775,,1147,638,405,17214,6859,2761,25717,17339,23713,3960,3003,25344,,876,,,2650,4863,3799,,6640,,,,,4014,6679,,,873,579,,42433,,,1336,107828,,726,,7521,,477,8623,195,,,,1751,2628,411,3165,29204,,735,2023,1624,30098,46536,294,,22003,9727,518,4012,3569,1714,,1670,,14656,11958,2901,,,,,417,415,36844,812,1188,12448,,473,2950,,7530,,,30859,1513,6451,446,659,1363,,,,7674,1937,5228,,,,,6996,28940,,2285,,2964,,,,6470,1298,1148
1980,,3193,1992,40077,5254,116233,7908,,6372,29908,27596,,277,27069,812,351,359,3651,21185,26701,,,2269,73205,1649,8349,13556,59413,390,2109,563,31838,54891,5172,347,2061,1323,845,2498,3931,1403,680,5024,6024,12718,,26140,2613,36378,2621,3643,3682,1103,17478,,,2046,25512,2928,26878,12199,21864,4132,881,,873,489,660,19143,3302,3039,22645,10727,1590,725,,1865,,1231,625,423,17541,4789,3345,26909,17210,24476,3682,3234,25855,,890,,,2181,5304,3679,,6881,,,,,3869,6929,560,,909,547,,42637,,,1351,108207,,712,,8017,,448,9134,206,,,238,1758,2324,401,3317,28916,4216,696,2049,1650,30262,48504,281,,22257,9756,553,4429,3688,1753,,1589,,15098,12372,3153,,,,,439,431,36703,797,1119,13534,1814,485,2557,,6854,,,31320,1645,6121,411,733,1404,,,,8345,2027,4986,,,,,7355,28590,,2320,,2557,,,,6722,1292,1269
1981,,2947,2065,38494,5245,113095,7381,,6622,30419,27486,,303,26995,869,357,375,3818,19296,23705,,,2242,74431,1620,7797,13251,46171,432,2220,538,32540,55466,5432,360,2042,1503,843,2853,3933,1413,726,4779,6013,12824,,26238,2896,36146,2673,3638,3789,1155,17331,,229,1938,25738,3038,27033,12504,21685,4314,828,,874,569,660,18677,3294,3078,22906,11449,1523,731,,1771,,1298,628,438,17913,4366,3228,27738,17772,24653,3721,3656,26745,,889,,,2081,5416,3885,,6740,,,,,4058,6804,559,,946,536,,42278,,,1295,107528,,624,,8494,,445,9368,214,,1441,244,1766,2425,371,3463,29381,4166,675,1733,1690,29819,49110,297,,23204,10800,577,4723,3798,1764,,1543,,15099,12464,3346,,,,,447,448,35166,827,1143,14294,1723,488,2253,,7328,,,31425,1822,5550,406,686,1458,,,2227,8591,2081,5111,,,,,7421,29029,,2406,,2602,,,,6895,1326,1379
1982,,2844,2081,37366,4623,99320,7210,,6619,30912,28019,,292,27163,864,382,374,3895,17291,24734,,,2181,69989,1525,7661,12563,46590,436,2406,562,31130,54421,4767,387,1959,1567,818,3425,3885,1460,732,4312,5996,13436,,26159,3028,37506,2659,3752,3717,1237,17442,,224,1860,26389,2783,27567,11812,22125,4363,749,,841,581,627,18352,3337,2674,22717,11605,1447,719,,1668,,1297,616,443,18150,5333,3249,27960,17804,24736,3734,3762,27444,,868,,,2194,5475,4144,,6584,,,,,4089,6627,552,644,971,545,,42721,,16453,1377,108290,,595,,8253,,404,9378,222,,1522,222,1675,2527,371,3584,28527,4058,670,1573,1630,29315,49046,302,,23188,11400,594,4861,3699,1779,,1507,,14706,12653,3205,,,,,441,454,26158,847,1198,14651,1639,500,2079,,7005,,,31799,1781,5456,418,638,1507,,,2327,8773,2013,5174,,,402,,6653,28235,,2494,,2591,2275,,,6682,1245,1365
1983,,2860,2060,36396,4174,89704,7404,,6973,29850,28898,,295,27249,803,374,378,4019,17906,25066,,,2075,70781,1434,7231,12591,45496,473,2631,501,31626,54534,4466,423,1805,1623,810,3522,3862,1489,786,4316,5780,14070,,26640,3127,38506,2723,3833,3612,1267,17665,,236,1725,27050,2605,27757,12154,23051,4511,694,,904,548,608,18049,3354,2500,23166,12113,1416,705,,1644,,1321,605,464,17977,5555,2751,26998,18071,25016,3743,3530,28217,,846,,,2147,5573,4630,,6288,,,,,4237,6323,549,640,1003,541,,43986,,17424,1363,107751,,583,,7785,,403,9190,227,,1571,184,1687,2514,375,3718,29501,3891,626,1366,1660,29808,50825,286,,23674,12606,614,4537,3236,1763,,1514,,14215,12572,3018,,,,,452,473,20623,835,1101,15699,1649,479,2082,,6707,,,32389,1740,5369,472,581,1562,,,2371,7745,2047,5310,,,412,,5931,29261,,2529,,2609,2271,,,6381,1180,1336
1984,,2925,1992,35450,4104,88583,7400,,7682,30866,28915,,288,27922,843,358,386,4145,18305,28016,,,2056,70501,1402,7443,13008,44490,482,2758,533,33180,55974,4583,480,1685,1691,834,3661,3908,1508,800,4538,5764,15105,,27487,3286,40131,2700,3924,3615,1355,17905,,222,1695,27777,2764,28020,12725,23537,4715,731,,903,583,571,18321,3387,2385,24059,13191,1461,696,,1611,,1382,599,471,18644,4862,2643,27816,18002,25818,3630,3532,29301,,829,,,2215,6107,5055,,6387,423,,,,4482,6426,547,623,1040,557,,46659,,18134,1417,107766,,576,,7872,,394,9275,233,,1621,169,1587,2604,382,3908,31319,3779,506,1317,1592,30599,53750,306,,24595,13993,624,4556,3275,1590,,1469,,14909,12288,3014,,,,,417,481,18525,768,1108,16760,1600,487,2081,,6535,,,33728,1784,5578,470,591,1622,,,2410,7192,2105,5544,,,398,,5826,31108,,2676,378,2795,2287,,,6527,1138,1264
1985,,2922,1986,34733,3890,80886,6905,,8269,32045,29623,,313,28375,880,379,389,4257,16926,28786,,,2020,68511,1351,7863,13112,42602,488,2849,540,34436,57774,4698,538,1692,1770,816,3517,3946,1499,853,4449,5707,15651,,28190,3362,41721,2588,3948,3665,1396,18255,,191,1694,28643,2594,28316,12098,24458,4905,746,,860,593,607,18708,3537,2458,24756,13149,1497,690,,1584,,1387,595,485,19189,4770,2619,28506,18402,26532,3479,3300,30647,,832,,,2021,6681,5398,,6484,432,,,,4778,6524,543,609,1076,558,,47869,,17521,1469,108384,,567,,7872,,465,9349,235,,1668,169,1589,2763,383,3768,32354,3683,530,1360,1490,31243,56565,318,,24838,15236,649,4676,3265,1435,,1488,,15221,12599,3060,,,,,418,496,15819,698,1110,16633,1504,449,2066,,6595,,,34400,1789,6148,557,603,1667,1381,,2565,6806,2165,5659,,,372,,5873,32119,,2821,383,2759,2366,,,6283,1119,1304
1986,,2903,2058,34385,3954,64972,7214,,9224,32797,30286,,314,28882,874,398,394,4437,16572,28759,,,2053,72463,1289,8317,13736,40284,529,2968,547,34826,58543,4875,577,1681,1831,832,3185,4091,1484,864,4573,5736,16046,,28822,3633,43708,2625,3849,3699,1423,18792,,203,1720,29337,2769,28814,11676,25170,4464,762,513,855,575,565,18742,3782,2455,25381,14422,1531,692,,1542,,1439,599,497,19098,4117,2680,30073,18878,27290,3510,3348,31474,,860,932,,1958,7477,5950,,6634,441,,,,5372,6680,547,615,1107,571,,52413,,17929,1572,110242,,562,,7471,,471,9551,228,,1775,164,1634,3009,362,3708,33120,3729,547,1326,1440,31936,58642,325,,25517,14917,663,4738,3492,1444,,1519,,15826,13109,3122,,,,,421,508,17604,715,1110,16872,1457,442,2043,,6550,,,35244,1940,6099,519,592,1727,1383,,2614,6510,2080,5936,,,361,,6350,32925,,2959,385,2693,2487,,,6131,1092,1284
1987,,2917,2002,34841,3822,63352,7294,,9841,33126,30678,,322,29523,836,387,399,4699,17664,29100,,,2212,74573,1293,8446,14042,39944,659,3194,510,35770,59099,5109,634,1614,1736,832,3105,4224,1464,889,4667,5805,16993,,29181,3900,43764,2834,3714,3601,1438,19783,,224,1741,30300,2574,29384,9411,26471,4484,776,514,834,578,569,18258,4158,2500,26091,16190,1585,694,,1497,,1480,602,505,19986,3987,2866,32287,19902,28158,3758,3299,32801,,879,944,,1733,8052,6641,,6712,422,,,,5480,6768,552,625,1110,563,,54132,,19655,1535,112490,,553,,7446,,464,9876,215,,1785,189,1621,3252,347,3788,33968,3721,532,1333,1398,32346,59392,323,,25543,13882,684,4552,3747,1467,,1523,,16582,13949,3265,,,,,400,517,15695,795,1143,18415,1536,459,2067,,6033,,,36304,2149,6103,491,577,1858,1323,,2686,6155,2167,6375,,,362,4021,6815,33761,1135,2953,390,2555,2493,,,6113,1087,1255
1988,,2990,1936,35179,3926,58147,7104,,10345,34460,31644,,329,30819,839,399,398,5207,18241,29269,,,2364,76935,1303,8276,14480,39252,671,3671,510,36866,60589,5397,694,1574,1550,812,3074,4309,1460,929,4703,5896,18268,,30145,4242,43737,2839,3576,3722,1477,20747,,218,1773,31788,2595,30604,10329,27926,4687,796,530,829,592,566,18972,4338,2429,27159,17421,1566,683,,1469,,1537,600,542,21119,3638,2805,31757,20145,29325,3885,3219,34878,,901,1050,,1841,8883,7365,,6635,402,4311,,,6125,6707,552,628,1122,598,,58289,,20358,1684,117417,,555,,7393,,491,10619,187,,1825,205,1606,3449,337,4042,35061,3611,552,1393,1198,33244,58922,340,,25383,14199,714,3859,3319,1525,,1529,,17397,15009,3363,,,,,400,549,17017,772,1102,19976,1512,415,2079,,6372,,,37063,2216,6409,549,597,2069,1459,,2628,5867,2119,6404,,494,378,4106,6873,34853,1209,3349,401,2454,2451,,,6224,1121,1305
1989,,2890,2070,35461,3910,61588,6497,,10847,35190,32726,,325,31772,790,397,399,5095,17703,30707,,,2607,76628,1324,8390,14945,37741,704,4003,510,37050,62704,5837,712,1563,1475,777,3069,4369,1372,966,4842,6102,19441,,31078,4263,43992,2907,3635,3670,1510,21715,,210,1661,33285,2781,31761,10905,28572,4338,813,535,837,614,543,19590,4557,2325,28011,17634,1563,677,,1398,,1621,597,562,22436,3735,2656,31447,19920,30296,4139,2753,36423,,911,1057,,1735,9434,7808,,6576,445,2443,,,6556,6670,549,622,1132,619,,63380,,20609,1700,121989,,562,,7549,,504,11376,191,,1856,217,1639,3575,325,4281,35928,3547,541,1384,1152,34506,59289,347,,25302,15294,727,3837,2848,1578,,1471,,17987,15999,3499,,,,9883,389,566,16287,819,1112,21368,1534,408,2072,,6503,,,37794,2425,7084,557,604,2284,1325,,2631,5776,2108,6308,,497,388,4244,6904,35794,1217,3379,421,2431,2533,,,6226,1078,1332
1990,,2697,1839,35410,4266,68781,6246,1795,11081,35911,33889,3167,328,32672,834,384,411,4715,17935,29687,,3102,2842,76016,1357,7984,14396,37081,768,4133,489,36556,64344,5933,729,1491,1344,702,3017,4467,1400,953,4885,6115,20440,14060,32430,4513,44569,2696,3571,3716,1558,22513,,208,1776,33360,2927,32524,11160,28695,3698,816,542,831,637,518,19384,4769,2261,28671,18251,1561,655,,1384,,1708,588,581,24315,4135,4089,31568,20726,30871,4284,2617,38074,5890,917,1096,,1683,9917,8496,,6473,462,3006,,,7087,6569,538,596,1190,642,,65922,,21540,1726,124648,,563,,7791,3854,482,11974,194,,1761,217,1568,3805,332,4537,36117,3501,517,1507,1126,35703,60227,354,,25108,14675,737,4062,2650,1586,,1393,5947,17321,16668,3548,,,5382,9571,379,584,18106,755,1072,22572,1524,415,2143,,6086,,15526,37786,2849,7543,517,587,2504,1283,,2571,5824,2225,6774,2406,516,399,3965,6878,36059,1200,3505,433,2645,2408,,1001,6060,1044,1387
1991,,2635,1332,34927,4215,65479,6721,1600,11172,35316,34707,3096,337,33147,840,408,416,4360,19408,27924,,3064,3109,73709,1398,7963,13784,37171,759,4309,474,35351,62962,6292,786,1439,1254,620,3005,4468,1286,943,4866,6150,20065,12457,33839,4577,45073,2670,3443,3786,1540,23027,,187,1684,31225,2821,32683,11523,28291,2897,835,541,825,655,496,19746,4829,2394,28857,19132,1467,640,,1382,8870,1794,579,576,24642,4541,1432,31135,21023,31325,4455,2521,39254,5210,900,993,,1654,9703,9319,,6570,469,4311,,,7014,6675,532,582,1229,672,,70667,,21709,1817,125131,,512,,7970,3621,528,12385,190,,1584,221,1555,3931,353,4839,35531,3676,499,1474,1099,36286,61789,367,,23660,14896,752,4352,2655,1538,,1491,5511,17595,17436,3578,,,4727,9062,380,582,20154,791,1066,23406,1571,422,2146,,6132,,14135,37099,2821,7648,544,570,2686,1167,,2731,5966,2261,6709,2461,509,408,3624,7071,35542,1169,3535,450,2653,2335,,1013,5852,1017,1430
1992,,2401,1244,33924,4343,63854,7157,948,11108,35033,35046,2361,333,33518,835,398,429,4086,20179,26349,,2764,3427,74200,1391,7792,12950,37848,794,4314,431,35249,62245,6880,887,1385,1180,534,3000,4559,1356,1018,5177,6229,21375,12381,34229,4659,45803,2915,3423,3778,1575,23128,,164,1728,30027,2957,33041,10868,28328,1584,842,543,824,647,647,19733,4753,2566,29272,20155,1513,618,,1284,8601,1879,566,595,25293,4582,1845,29708,21885,31564,4502,2726,39488,4937,865,846,,1644,10040,9794,,6591,481,4767,,,7477,6722,519,551,1269,702,,71004,,24006,1747,125809,,503,,8104,3392,498,12833,206,,1421,201,1544,4133,325,5135,36192,3835,492,1504,1079,36627,63630,372,,23671,15420,788,4613,2589,1506,,1658,5632,18280,17639,3548,,,4352,7737,426,602,20339,821,1048,24221,1721,342,2265,,6044,7705,13383,36455,2839,8158,569,535,2874,813,,2733,6528,2385,6932,2506,495,408,3263,7577,36287,1014,3755,478,2644,2309,,1041,5586,975,1274
1993,,1767,1371,32427,4367,61081,7644,885,11462,36090,34941,1788,306,33066,854,401,439,4058,22218,25939,,2548,3581,76024,1421,8021,13004,36914,813,4285,420,35792,61603,7215,999,1335,1056,444,2889,4713,1357,1076,5403,6358,21011,12376,33673,4740,45656,3072,3278,3767,1587,22771,6743,179,1704,29684,2978,32692,10999,28964,1111,858,556,822,646,695,19304,4610,2755,29400,21041,1566,603,,1191,8562,1968,560,611,25844,4557,2334,29794,22188,31276,4879,2696,39187,4513,841,715,510,1638,10606,10362,,6712,497,5004,,,7434,6853,499,532,1342,711,,73000,,24713,1705,123497,,499,,8117,3146,501,13275,216,,1364,213,1593,4291,355,5503,36706,3681,477,1437,1051,36830,65052,376,,24898,15651,780,4765,2674,1501,,1916,5828,18968,17258,3632,,,4425,7071,418,615,19519,837,1031,26323,1739,348,2364,,5542,7821,13796,35495,2859,8485,464,445,3083,669,,2831,6448,2387,7343,2586,484,427,2798,7721,36798,969,3911,507,2587,2381,,1029,5518,1017,1266
1994,,1734,1494,32296,4393,61843,7989,956,11968,37133,35643,1416,289,34028,842,395,447,4146,21623,26292,701,2252,3514,75951,1456,8312,13215,37052,854,4332,428,36993,61890,7459,1116,1300,1048,411,2655,4894,1249,1247,5504,6476,21795,12731,34359,4728,47928,3095,3182,3841,1618,23203,6775,179,1650,30728,3086,33338,11111,30001,1011,862,563,798,652,783,19591,4635,2971,30120,21814,1526,584,,1029,8826,2083,547,639,27224,4424,2352,30603,23227,31942,4899,2696,39442,4002,837,571,321,1645,11040,11209,,6898,524,5159,,,7466,7045,489,514,1404,738,,74764,,25246,1854,125035,,484,,8374,3094,506,13895,229,,1382,218,1505,4407,318,5862,37740,3659,470,1376,1063,37693,67952,396,,25827,15680,787,4801,2947,1531,,1983,6123,19580,17378,3735,1867,,4605,6184,220,639,19142,823,1002,28342,1828,343,2443,,5638,8274,14548,36629,2863,8196,495,501,3299,518,,2965,6646,2415,6889,2834,477,441,2167,8223,37814,901,3862,542,2746,2299,,1047,5564,907,1362
1995,,1931,1703,32577,4377,62682,7667,1043,11202,38095,36538,1235,262,34767,863,406,460,4283,21910,27018,870,2025,3446,78727,1493,8540,13427,37714,910,4526,447,37599,61773,8004,1225,1347,1055,401,2685,5055,1258,1388,5591,6607,23193,13567,34787,4867,49123,3215,3240,3843,1659,23737,7209,184,1652,31902,3123,33918,11366,30680,1077,874,573,780,667,887,19910,4689,3111,30733,21894,1575,596,8619,1110,8970,2220,560,675,29695,4462,2329,30473,25033,32864,4965,2752,40369,3738,848,535,342,1623,11508,12163,41801,6865,548,5298,,,7504,7034,505,524,1469,747,5329,74777,5147,25556,1727,126514,1624,477,4600,7718,3057,497,14673,242,,1459,216,1612,4556,367,6278,38301,3717,465,1342,1104,38676,70410,400,,26653,16047,804,4786,3107,1565,,1872,6549,20282,18059,3897,1913,,4902,5929,302,670,18746,850,1028,29473,1956,316,2529,3064,5551,8732,15142,37871,2939,8010,485,526,3532,447,,3176,6874,2429,7315,2679,479,477,1917,8046,38369,876,4163,583,2707,2432,,1061,5615,910,1346
1996,,2123,1870,33822,4474,63077,7994,1121,11686,39056,37346,1238,238,35158,873,439,470,4527,22221,27783,1673,2088,3386,80260,1527,8591,13904,37843,948,4676,418,37810,61833,8428,1332,1405,1072,386,2721,5068,1208,1509,5525,6781,23112,14162,34966,5030,50262,3350,3314,3826,1707,24268,7678,200,1662,32963,3236,34276,11481,31364,1242,891,583,773,730,1422,20389,4863,3361,31434,21835,1559,609,9254,1135,8993,2358,572,712,31645,4629,2507,31695,25614,33271,4911,2724,41515,3814,858,564,351,1626,12067,12999,41512,6982,574,5761,,,7622,7164,521,534,1515,774,5646,74790,5339,24941,1913,126768,1532,472,4865,8109,3084,518,15128,255,,1480,233,1663,4762,387,6731,39211,3754,450,1364,1152,39845,73576,411,,27184,16296,819,4881,3135,1619,,1969,6944,20520,18622,3869,1851,,5109,5715,331,702,18841,876,1023,30414,1933,321,2522,3259,5527,9290,15637,38408,2992,8281,479,557,3690,367,,3224,7345,2563,7731,2512,488,504,1741,8434,39356,874,4218,628,2713,2590,,1070,5745,941,1469
1997,,2205,1676,36907,4561,64865,8543,1171,12062,40154,38085,1298,232,36403,895,454,481,3908,22282,28023,2265,2336,3381,83441,1571,8745,14501,36409,981,4948,429,35997,63128,8932,1441,1413,1099,356,2627,5152,1224,1640,5697,6940,23388,14104,35540,5164,51686,3588,3297,3909,1765,25061,8779,200,1720,34947,3131,34953,11838,32489,1418,905,598,787,762,3419,21199,5078,3582,32187,22758,1585,617,9876,1145,9294,2433,583,727,34745,4589,2946,33247,25963,33862,4808,2747,41862,3941,838,611,355,1626,12775,13672,40465,7214,601,5746,,,7464,7412,532,543,1603,789,6161,78076,5871,24376,1858,128423,1563,474,5180,8530,3112,530,15803,266,5019,1525,252,1556,4970,392,7042,40167,3832,441,1369,1176,41356,77045,422,,27379,17179,804,5091,3278,1665,,1846,7387,21322,19355,3944,2030,,4875,5804,353,714,18683,943,1030,31857,1862,300,2576,3504,5766,9822,16448,39565,3027,9164,489,617,3546,368,,3251,7883,2666,8186,2764,493,515,1704,9091,40614,903,4370,670,2794,2593,,1090,5792,951,1494
1998,,2235,1836,38196,4699,61774,8772,1266,12370,41556,39405,1414,241,37038,904,473,496,4103,22635,29017,2619,2545,3375,86061,1617,8641,14978,35391,1016,4859,438,36698,64822,9199,1539,1439,1119,342,2648,5095,1207,1809,5957,7092,24515,14067,36251,5391,52641,3768,3413,3955,1827,26054,9248,188,1762,36756,3142,36074,11949,33575,1498,924,604,789,538,4065,21903,5650,3541,32855,21241,1595,622,10109,1150,9679,2084,591,758,37373,4628,3851,35227,26370,34465,4650,2775,41277,3934,841,615,362,1704,12604,12877,39178,7243,613,5900,,,7824,7461,539,547,1670,790,6670,81771,6302,22793,1967,131759,1461,477,5473,8836,3197,555,16505,278,5281,1562,270,1559,5217,396,6361,41435,3882,468,1370,1199,43019,78598,426,,27354,17616,801,5355,3208,1619,,1733,7727,22372,20183,3862,2262,,4786,5506,354,740,18858,957,1065,30117,1835,303,2620,3635,5826,10209,17025,41248,3054,9741,505,584,3236,381,,3317,8511,2760,8252,3189,500,525,1687,9442,41943,927,4552,700,2778,2638,,1122,5728,921,1524
1999,,2211,2085,39621,4683,60292,8381,1317,12580,43168,40727,1505,235,38263,924,494,508,3784,22761,30724,2864,2642,3538,88475,1593,8554,14966,35681,1071,5214,444,37846,65607,9049,1642,1422,1137,320,2506,4801,1199,1974,6062,7329,25454,14276,36911,5437,54014,3930,3473,3694,1899,27114,9183,192,1729,38277,3393,37116,10619,34611,1573,942,612,814,533,4904,22489,6015,3666,33715,21567,1540,624,10056,1160,10005,2072,600,810,40836,4608,4392,36211,26508,35020,4657,2819,41098,4078,837,628,398,1649,12892,14252,36101,7132,647,5784,,8780,7931,7359,548,550,1732,785,6640,87516,6528,21789,1963,134877,1414,484,5703,8946,3316,571,17182,304,4797,1596,294,1575,5286,397,6588,42895,3939,450,1344,1263,44885,79633,437,,28694,17651,808,5455,3204,1633,,1724,8088,23460,20853,3730,2387,,4775,5876,343,782,17778,960,1106,31587,1776,291,2655,3304,5676,10188,17920,42966,3099,9731,484,580,3346,390,,3424,9177,2895,7860,3134,512,551,1699,9211,43435,956,4678,724,2737,2684,,1132,5779,938,1502
2000,,2205,2245,40379,4836,63252,8224,1403,13125,44334,42001,1659,229,39589,950,489,525,3985,22955,31571,3015,2809,3864,95861,1601,8803,15570,35932,1120,5211,423,39339,67808,9420,1768,1357,1147,290,2619,4863,1296,2215,6172,7548,26687,14889,37934,5579,55851,4051,3556,3664,1982,28409,10062,197,1743,40403,3316,38309,10170,35673,1634,953,613,833,550,5563,23275,6285,3630,34862,23016,1608,623,10447,1150,10480,2144,608,827,44101,4816,4322,37465,27741,36329,4659,2887,42170,4492,820,654,431,1722,14030,15414,36068,7292,673,5717,614,8964,7847,7527,556,550,1825,810,6934,93463,6965,22535,1976,138830,1447,490,5798,9254,3449,555,18228,342,4955,1600,290,1474,5663,393,7007,44209,4007,429,1376,1294,46435,81653,455,,29355,18699,820,5494,3243,1669,9341,1643,8545,24161,21498,3570,2128,60838,4899,6491,351,799,18352,993,1115,33851,1482,302,2666,3518,5727,10321,18523,44942,3118,9790,462,559,3458,415,641,3437,9786,3002,8278,3088,522,551,1818,9002,44727,979,4753,765,2841,2856,1851,1169,5938,949,1449
2001,,2223,2454,42393,4808,60861,7776,1547,12334,44585,42371,1809,229,39886,971,507,541,4220,22416,31911,3144,2956,3922,101682,1598,8804,15147,36172,1188,5126,432,39461,68265,9622,1901,1326,1165,276,2642,4868,1294,2225,6274,7646,27444,15400,38507,5574,56109,4090,3616,3742,2013,29322,10732,208,1765,41363,3370,38786,10143,36593,1739,967,622,854,551,8723,24111,6133,3721,35176,22975,1608,632,11177,1127,10932,2192,623,852,45696,4793,4292,38412,27127,37017,4686,2984,42239,5107,828,683,454,1668,14604,16039,35146,7237,700,5716,610,8668,7510,7488,571,562,1784,838,7448,94695,7502,22648,2095,140456,1538,504,5435,9088,3330,622,17879,377,4989,1633,316,1423,5807,364,6890,44223,3990,444,1422,1313,47158,82927,469,,30193,19307,828,5419,3221,1683,9799,1606,8655,25632,21761,3472,1881,60892,5227,6851,367,820,17669,1029,1139,32598,1327,273,2671,3766,5897,10676,19089,45471,3125,9560,497,548,3544,448,732,3547,10158,3089,7687,3109,540,562,2006,8641,44729,1007,4829,804,2683,3037,2349,1179,6017,973,1465
2002,330,2444,2573,42607,4733,59187,6854,1761,12288,45807,42859,1965,232,40386,985,514,552,4569,21982,32237,3307,3125,3993,99529,1607,8955,15214,36841,1292,5342,438,40370,67860,9815,2061,1275,1183,276,2686,4914,1292,2304,6375,7865,28142,15672,38367,5403,56191,4212,3770,3827,2023,29700,11535,205,1722,41968,3472,38942,9879,37285,1851,986,641,800,533,9998,24966,6320,3765,35497,23252,1626,636,11805,1119,11483,2259,632,869,47592,5078,3880,38330,26582,37056,4747,3097,42191,5607,810,676,475,1703,14618,17178,35634,7151,730,5641,618,8448,7484,7408,586,569,1840,846,8015,97288,8127,24076,2135,140444,1662,428,5673,8961,3370,622,18201,418,5064,1693,335,1403,5860,361,7112,44634,4118,449,1599,1304,46960,83674,463,,31060,18768,829,5435,3359,1710,10020,1571,8836,25833,21809,3406,1605,62632,5627,7206,406,834,16696,1065,1118,33566,1256,330,2698,4010,5991,11161,19734,46319,3245,9384,519,554,3731,488,667,3699,10916,3105,8062,3315,562,592,2132,7971,45087,1034,5125,847,2482,3151,2331,1190,6161,991,1331
2003,343,2434,2725,44329,4878,60351,7380,2018,12869,46596,43053,2149,223,40635,989,538,568,4843,22059,31273,3437,3369,4251,102253,1620,8944,15494,37212,1367,5493,406,41532,67385,10110,2254,1232,1204,283,2631,5031,1289,2363,6546,8249,28531,16238,38077,5725,56257,4096,3990,3865,2049,30038,12486,195,1636,42707,3504,38986,9859,38332,2069,1012,637,828,524,10924,26349,6893,3739,36048,24011,1657,646,12467,1137,11986,2336,649,922,48237,5454,2523,38929,26360,36943,4891,3156,42744,6108,811,716,507,1707,13864,17627,41331,7158,763,5550,424,9396,7748,7426,603,582,1933,890,8934,97678,8898,26219,2235,140486,1777,456,6272,8967,3437,658,18818,471,5169,1793,348,1459,6162,373,7374,45554,4229,442,1673,1318,46812,83941,474,,31839,17875,856,5558,3464,1760,9609,1573,9151,25831,21525,3490,1784,61063,5801,7767,409,880,18035,1116,1164,35610,1304,345,2725,4195,6293,11783,20306,47213,3358,8932,573,577,3970,532,635,3763,12431,3227,8405,3161,583,611,2354,8041,45981,1066,5507,897,2523,3273,2468,1200,6266,1033,1102
2004,333,2609,2887,46010,5218,60328,7962,2243,13436,47927,43957,2328,226,41904,1002,546,588,5194,22145,30979,3645,3780,4341,103945,1658,9346,15658,36761,1424,5542,422,42757,68782,10727,2467,1221,1252,292,2642,5225,1283,2566,6731,8515,29567,17015,38533,5876,57609,4143,4107,4113,2094,30446,13411,215,1818,44283,3681,39795,9679,39019,2203,1043,639,859,526,14438,27614,6826,3795,37007,25897,1718,662,12981,1105,12592,2420,671,979,50546,5624,3791,41692,26982,37227,4928,3337,43672,6648,830,757,550,1648,14240,18470,44759,7507,799,5686,427,9661,8245,7796,627,597,2021,910,9629,99778,9760,32428,2315,142465,1913,466,6467,9191,3591,648,18719,531,5388,1962,364,1485,6389,383,7721,46853,4677,428,1782,1370,47575,86759,490,3963,32632,17666,900,5866,3603,1839,10046,1582,9613,28085,21858,3569,2120,65885,6442,8360,433,931,18901,1127,1202,38620,1355,352,2736,4585,6749,12408,21177,49067,3468,8710,737,557,4190,576,622,3649,13351,3402,9102,3073,610,632,2659,8449,47288,1132,5727,955,2557,3404,2531,1212,6472,1078,1035
2005,357,2897,3063,46881,5394,56093,8578,2572,14108,48814,44638,2948,221,42642,989,576,618,5608,22066,31442,3963,4164,4312,105003,1700,9535,16217,36329,1504,5687,418,44471,70471,11225,2732,1216,1243,301,2759,5404,1288,2705,6893,8762,30558,18113,38837,5897,58793,4473,4289,4258,2149,31029,14768,234,1910,45358,3690,40153,9675,39984,2429,1077,645,813,536,16123,27699,7709,3719,37814,27689,1779,682,13523,1127,13153,2524,698,1040,52276,5736,3868,43635,27548,37348,4944,3493,44394,7228,855,748,613,1696,15449,19225,47987,7732,843,5678,438,10643,8131,8027,661,621,2130,946,10544,101381,10924,34225,2363,143694,2062,474,5472,9271,3755,668,19229,598,5605,2079,377,1567,6464,385,7974,48115,4720,442,1848,1409,48438,88433,500,3984,33338,17632,937,6173,3796,1894,10489,1646,9954,27567,21988,3587,2300,61649,6785,8929,465,985,19382,1178,1237,40499,1396,354,2797,4853,6971,13228,21943,50268,3661,9450,834,517,4338,603,625,3627,14110,3491,9790,2919,637,651,2759,9079,48500,1196,5863,1018,2626,3523,2682,1243,6730,1126,971
2006,365,3116,3264,47845,5611,53335,9175,2934,15662,49443,45952,3921,226,43443,999,594,650,6035,21796,31633,4177,4609,4403,110191,1751,9806,17102,37400,1589,6039,429,45858,72824,11809,3063,1208,1251,307,2882,5693,1291,2883,7290,9296,31469,19286,40364,6160,60893,4819,4298,4372,2255,31761,16299,252,2003,47004,3730,40850,9143,40798,2673,1117,639,784,535,16591,29176,7382,3908,38721,29446,1852,704,14195,1128,13704,2628,728,1107,53466,5955,4180,44860,28571,37902,5061,3633,44995,7917,886,763,669,1659,15774,20131,49345,8046,901,5692,458,11165,8532,8346,694,643,2276,990,11508,104943,12346,37922,2513,150491,2167,485,6734,9547,3942,676,19640,671,6078,2228,402,1802,6747,393,8255,49069,4969,451,1910,1447,50034,89828,511,4235,33871,18079,970,6585,4048,1959,10576,1696,10571,27293,22305,3703,2219,65820,7373,9693,496,1044,19368,1261,1235,42786,1430,357,2905,5121,7290,14351,23130,52317,3860,10126,810,517,4526,633,587,3593,15899,3640,10340,2946,660,699,2984,9441,49406,1270,6315,1079,2781,3569,2780,1247,7018,1183,932
2007,406,3424,3485,47595,5726,47284,9902,3365,16852,51024,47510,4864,226,44710,1029,600,687,6478,21838,31486,4425,5028,4311,113236,1799,10294,17402,36988,1859,6401,440,48534,75144,12256,3480,1203,1277,315,2600,6002,1270,3279,7779,9540,32377,20242,41622,6545,61175,5109,4376,4394,2373,32302,17614,273,2087,49285,3661,41583,9414,41466,3025,1135,667,784,540,18261,30055,7815,4189,39514,31082,1923,728,14918,1172,13759,2758,760,1174,54708,6370,4167,47835,29689,38272,5108,3765,45687,8524,921,820,726,1654,15724,21191,49578,8401,953,6212,482,11699,8559,8702,734,673,2413,1039,12938,111968,13696,42480,2571,170535,2237,498,7088,9622,4193,677,20506,747,6482,2424,422,1717,7101,419,8605,49738,5144,448,1983,1500,51809,91566,522,3262,34587,18341,994,7242,4357,2051,11004,1785,11324,27135,22820,3848,2245,65184,8024,10535,521,1103,19188,1368,1262,44742,1460,376,2946,5473,7574,15901,24607,53716,4005,11125,809,497,4745,669,635,3572,16580,3845,10733,3102,685,734,3230,10039,49856,1371,6531,1145,2857,3771,2959,1252,7299,1248,890
2008,412,3668,3776,44318,5914,42457,10201,3628,16579,51841,48053,5267,229,44557,1049,616,720,6920,21563,30191,4677,5560,4348,110468,1878,10711,17446,35844,1929,6658,441,48495,75794,12554,3797,1206,1286,324,2671,6127,1290,3455,8034,9599,32726,20614,42101,7008,60505,5207,4408,4596,2498,32073,16762,295,2154,49441,3659,41456,8827,41025,3108,1208,679,809,543,20533,29875,7869,4260,39367,31554,1961,750,15202,1182,13929,2885,790,1193,51202,6316,4434,47889,30040,37654,5042,3851,45166,8698,898,880,764,1583,16545,21665,47900,8637,1010,6779,496,11845,8858,8939,768,696,2538,1109,13414,108577,13380,43007,2691,169964,2416,517,7573,9588,4418,686,21153,819,6938,2601,440,1662,7456,438,8850,49250,5185,465,2061,1531,52728,90862,548,3967,33941,19168,988,7815,4716,2105,10620,1737,11798,26791,22859,4037,2346,65047,8918,11088,564,1122,19833,1436,1279,43216,1510,387,3009,5807,7797,16773,25430,53059,4010,10645,806,503,4802,707,694,3713,17065,3966,10692,3319,704,774,3322,10732,49319,1471,6642,1198,2970,3783,3121,1262,7432,1309,726
2009,488,3565,3928,41669,5797,36024,9502,3137,14369,51767,46123,5643,230,43307,1044,616,748,6730,20796,28440,4558,5584,4249,103675,1909,10595,16492,34801,2039,6029,472,46541,73189,12227,4133,1217,1279,322,2885,6128,1299,3370,7855,9194,31217,19542,39805,6923,57229,5191,4402,4548,2567,30594,14371,312,2164,45232,3573,40059,8554,38986,3021,1235,656,837,547,19868,28515,7326,4409,37789,30711,1873,763,14103,1237,13016,2979,809,1268,48111,6310,4491,44492,29601,35503,4799,3847,42725,8574,902,895,753,1561,15738,21724,41907,8374,1068,7398,502,11607,8497,8671,786,712,2610,1131,11551,101940,11663,42651,2771,149243,2274,482,6828,8948,4399,696,20756,899,6522,2528,455,1616,7683,461,8559,47550,5106,456,2169,1460,50534,88174,568,4307,33555,19454,993,7772,4730,2101,10147,1811,12124,26411,22125,3973,2481,63219,8497,10220,583,1184,18883,1443,1271,41983,1513,390,2934,5671,7940,15837,23299,50326,4044,10486,813,517,4745,719,750,3503,16235,4043,10047,3139,720,800,2844,11156,47649,1562,6509,1251,2995,3576,3207,1274,7217,1390,803
2010,543,3588,4094,40853,5927,33893,10386,3218,13049,52022,46858,5843,234,44142,1037,648,781,6812,20722,28443,4636,6029,4271,101875,1955,11286,16056,35270,2258,6435,488,47448,74606,12808,4550,1213,1287,334,3077,6337,1316,3378,8142,9253,31024,19960,41532,6967,58041,5555,4479,4634,2646,30503,14791,342,2208,46460,3653,40638,8849,39436,3233,1299,672,861,558,17289,26918,7258,4581,38654,32550,1904,785,13949,1172,13192,3122,840,1358,48715,6600,4655,43025,30694,36001,4704,3737,44508,9070,952,880,786,1517,15510,23087,38577,8778,1141,7762,513,12065,8540,9076,815,738,2800,1137,11991,104965,11384,52253,2840,150725,2438,472,7077,9271,4543,710,21799,979,6688,2643,472,1611,8000,479,9041,48377,5318,477,2280,1504,50950,87694,592,4754,33700,18713,987,8082,5082,2217,10356,1949,12613,26436,22499,4356,2557,67403,8214,10675,610,1257,19263,1401,1280,47237,1604,402,2983,5735,8256,16751,23510,52869,4169,10805,893,534,5076,750,806,3528,16683,4142,10742,3022,743,819,2965,11992,48468,1634,6293,1318,2967,3566,3287,1335,7329,1489,948
2011,529,3580,4210,41192,6009,34635,10883,3371,12618,52568,48065,5676,236,44310,1038,670,822,7018,20517,28249,4737,6365,4250,98913,2024,11628,15900,36122,2411,6728,505,48464,75030,13456,4961,1133,1303,345,3058,6712,1338,3469,8390,9292,30364,20269,43970,6948,58576,5661,4523,4922,2636,30147,15940,369,2165,47423,3736,41329,9137,39731,3501,1446,695,767,588,17610,24496,7275,4802,39196,33888,1939,799,13970,1226,13485,3271,856,1410,48670,6695,4847,43701,31573,36193,4759,3638,44539,9603,983,921,828,1514,15656,23755,39940,9060,1213,7454,538,4539,8934,9368,827,735,3015,1193,13005,105265,12343,62122,2949,159431,2581,466,7385,9478,4645,711,21808,1026,6897,3044,493,1629,8313,488,9372,48836,5491,470,2338,1577,51500,87413,612,5202,34233,17971,993,8842,5360,2264,11179,1928,13206,26647,22150,4479,2733,69679,8412,11125,642,1304,20554,1592,1263,49194,1677,418,3084,5899,8640,17206,23663,54148,4234,11967,864,553,5094,787,838,3784,16534,4022,11764,3218,777,868,3138,12575,48866,1715,6263,1386,2923,3685,3401,1133,7455,1526,1066
2012,576,3748,4277,39770,6266,35417,10650,3604,12877,53682,48172,5725,239,44361,1058,692,866,7084,20925,28800,4771,6479,4253,93327,2094,11746,15788,35967,2505,6945,529,48786,74984,14036,5325,1224,1326,358,3276,6912,1348,3462,8690,9347,28874,20082,44071,6870,58488,5745,4587,5122,2636,29236,16497,390,2281,46539,3781,41258,9259,40040,3751,1544,720,783,563,18254,22831,7147,5033,39474,34086,1982,822,13677,1214,13368,3421,878,1469,48573,6122,5320,44032,31695,35019,4703,3529,45277,9923,1001,905,874,1561,15173,24198,40287,9201,1291,7179,565,10067,8860,9524,848,736,3286,1267,13687,102405,13028,66271,2995,159100,2566,467,7252,9691,4620,685,22503,1092,6703,3353,515,1653,8580,483,9743,49530,5669,499,2372,1658,50781,88605,643,5669,34808,18213,1006,9541,5643,2380,11434,1976,13381,26980,21337,4395,2829,67651,8622,11554,681,1358,21007,1745,1292,50144,1664,470,3157,5887,8773,17502,22990,53433,4432,12000,909,574,5438,827,873,3846,16637,4142,12128,3064,788,873,3154,12981,49603,1814,6342,1443,2893,3504,3465,1129,7500,1591,1223
2013,588,3797,4327,39144,6331,36979,10785,3705,12645,54130,47901,5982,243,44355,1103,711,907,7147,21805,27755,4969,6543,4212,92775,2201,11993,15533,34730,2526,7646,335,49398,75500,14461,5711,1300,1360,375,3173,7201,1375,3445,8786,9355,27044,20066,44143,6796,58788,5955,4622,5296,2633,28911,16779,419,2313,45907,3958,41283,9418,40623,3899,1619,731,782,566,16764,22251,7266,5190,39823,35003,2001,844,13654,1234,13654,3563,911,1545,48971,6035,5506,45421,32399,33979,4699,3439,46249,10368,1032,984,923,1604,15847,24850,38699,9352,1374,6979,597,8650,8537,9684,876,758,3371,1311,14318,103722,13472,71992,3087,172290,2799,465,7436,9694,4751,680,23404,1174,6935,3670,535,1671,8849,494,10062,50102,5883,506,2464,1716,50565,88445,671,7033,35450,17787,1028,10027,5919,2498,11068,2010,13540,27207,21257,4699,2891,67116,8980,11731,696,1422,20929,1779,1291,51725,1706,555,3213,6087,8930,17600,22722,53611,4571,12489,929,593,5559,868,876,3894,16896,4220,12936,3169,817,875,3160,13541,50171,1922,6448,1506,2868,3460,3563,1151,7564,1620,1226
2014,584,3843,4413,40915,6353,38495,10399,3819,12976,54679,47843,6073,245,44856,1140,720,951,7323,22395,27785,5114,6650,4271,89154,2286,11951,15485,33417,2640,7864,334,50307,76411,14561,6104,1379,1402,397,3281,7449,1371,3423,8994,9335,26834,20499,44931,7091,59438,6302,4701,5412,2649,29399,17326,449,2287,45551,4175,41481,9477,41377,4069,1628,741,748,556,16146,22566,7748,5249,40403,35718,2026,866,13663,1258,14270,3693,941,1640,52775,6233,5342,45854,32978,33667,4705,3396,46484,10646,1060,1004,973,1571,16695,25486,37159,9343,1456,6754,586,6531,8649,9680,904,777,3506,1339,14952,105659,13746,69581,3125,182611,2940,468,7625,9843,4920,708,24692,1257,7051,3880,559,1692,9164,508,10524,50997,6113,519,2550,1775,51101,89175,711,8126,36185,16870,1054,10358,5996,2613,11751,2237,14008,27326,21541,4861,2820,67171,9339,11609,720,1502,21087,1783,1339,53068,1678,568,3253,6018,8856,18047,23328,54493,4578,12850,961,612,5589,904,898,4002,16636,4302,13346,3178,846,890,3124,13935,51066,2025,6512,1579,2853,3435,3617,1119,7583,1644,1233
2015,574,3748,4524,42141,6424,40248,10568,3924,13328,55080,47789,6064,228,45507,1129,727,1002,7664,22353,27583,5353,6385,4301,89709,2361,11431,15836,32873,2781,7614,347,50262,76553,14722,6500,1464,1442,411,3097,7580,1354,3415,9219,9363,27898,21561,45208,6891,60402,6662,4776,5331,2705,30550,17634,483,2277,45648,4352,41794,9521,42017,4186,1626,750,755,575,14094,22615,8194,5257,41112,36261,2067,882,14111,1261,14850,3824,958,1752,65433,6070,5296,47534,33071,33961,4722,3350,47103,10617,1093,1021,1025,1711,16726,26064,35969,9241,1539,6488,571,5900,8492,9591,915,773,3647,1364,15399,107638,14414,53479,3222,189548,2954,470,7502,10042,5105,730,26427,1335,7286,3895,580,1733,9477,508,10912,51984,6275,521,2550,1836,51872,90029,732,8007,36792,16658,1081,10766,6114,2735,12609,2337,14611,27519,22018,4944,2859,67443,9660,11355,765,1594,21399,1826,1385,54010,1656,441,3315,6157,8465,18898,23826,56340,4641,13188,957,631,5741,936,908,4059,16840,4308,13924,3429,872,904,2829,13939,52168,2139,6581,1667,2782,3558,3817,785,7557,1641,1234
2016,571,3530,4682,44108,6518,41045,10239,3917,13918,55729,48216,5813,220,45851,1135,748,1062,8013,22273,27706,5592,6216,4217,90062,2426,10966,16202,31685,2971,7797,360,50194,77026,14777,6908,1530,1469,407,2712,7633,1367,3532,9510,9178,29644,22065,45845,7055,61878,7026,4829,5176,2763,31449,18190,514,2290,46796,4440,42140,9429,42500,4305,1645,810,747,596,12358,22666,8449,5430,41593,36818,2111,895,14707,1265,15213,3968,984,1876,67078,6791,5929,49985,33721,34459,4762,3315,47403,10583,1130,1044,1080,1773,17058,26726,35887,9100,1622,6412,548,5670,8787,9459,929,782,3769,1422,15989,110162,14892,52163,3213,194368,3120,476,7631,10183,5247,750,26834,1402,7500,3866,585,1705,9834,506,11244,52404,6143,530,2443,1895,52727,90196,730,7928,37353,16679,1118,11107,6262,2887,12556,2416,15076,27702,22534,5090,3043,67188,10173,11356,789,1697,21270,1866,1432,55043,1707,458,3383,6396,7913,19276,24569,56789,4650,13606,869,649,5916,976,920,4310,15697,4311,14153,3494,904,913,2904,14124,52644,2230,6687,1753,2804,3825,3996,694,7477,1653,1224
2017,571,3410,4864,44431,6446,41460,10419,4199,14221,56058,49031,5765,214,46409,1167,772,1127,8354,22167,28283,5829,6375,4212,94310,2491,11022,16254,31753,3072,7859,371,51170,77684,14741,7347,1601,1482,409,2521,7621,1387,3620,9776,9168,30650,23144,46862,6561,63216,7273,4792,5206,2819,32309,19168,548,2280,48213,4650,43015,9212,43011,4513,1739,869,760,615,11225,23053,8776,5605,42399,37929,2176,912,15397,1277,15912,4121,1014,1987,71756,6949,5636,51046,34243,35086,4786,3306,48511,10868,1156,1072,1136,1763,16589,27493,33359,9183,1707,6371,548,7086,9046,9536,949,791,3860,1392,16908,109453,15513,56423,3305,186185,3322,481,7837,10278,5301,766,28202,1483,7852,3997,590,1716,10199,513,11737,53319,6013,535,2400,1958,53942,91549,779,7573,37725,16067,1155,11530,6314,3043,12258,2452,15803,27561,23381,5272,3025,64473,10982,11551,799,1791,20694,1900,1495,57379,1752,467,3441,6565,7973,19832,25730,57467,4699,14029,818,661,6135,1025,866,4416,15262,4343,14975,3590,937,913,2989,14437,53552,2290,6731,1853,2854,3848,4134,643,7476,1661,1263
2018,565,3234,5075,45134,6456,41327,10050,4407,15135,56832,50052,5801,211,47036,1211,800,1203,8675,21478,28845,6097,6586,4217,93832,2560,11080,16137,31437,3129,8033,379,51476,79235,15112,7807,1668,1502,419,2304,7694,1403,3740,9937,9263,31507,23801,47314,6697,64272,7698,4754,5181,2909,32949,19933,571,2280,48880,4795,43720,9051,43324,4734,1808,897,791,623,10135,23547,9092,5825,43134,38699,2219,923,15971,1282,16793,4285,1044,2086,76663,6440,5475,51593,34750,35485,4855,3310,48766,11166,1201,1091,1203,1778,16944,28158,33112,9238,1786,6214,541,8039,9237,9598,969,799,3946,1375,17742,110702,16263,58642,3361,196061,3527,490,8157,10386,5452,779,28644,1573,8253,4211,593,1704,10577,515,12131,54497,5942,552,2383,1857,54894,92120,818,8143,38522,15797,1198,11755,6454,3191,12685,2398,16649,27362,24085,5380,2986,63933,11541,11844,845,1878,20820,1812,1547,59073,1774,473,3507,6898,8100,20551,26760,57911,4762,14417,812,677,6370,1073,840,4378,15161,4408,15190,3636,959,934,3106,14617,54833,2374,6853,1964,2865,3754,4277,633,7434,1678,1306
2019,573,3111,5211,45887,6429,41420,9742,4732,15704,57187,50553,5880,208,47618,1260,822,1288,9059,20913,28909,6304,6679,4150,94267,2580,11122,16100,32327,3262,8093,384,51589,79407,15091,8242,1727,1518,424,2166,7838,1399,3908,10047,9298,32093,24266,47447,6917,65820,8002,4700,5097,3010,33393,20856,603,2279,49397,4739,44317,9178,43712,4978,1884,921,815,636,9238,24024,9220,6107,43652,37928,2241,935,16510,1245,17572,4451,1072,2152,79703,5923,5589,51332,35279,35680,4867,3326,49188,11518,1237,1116,1269,1790,17295,28675,32702,9228,1841,5792,516,8122,9351,9590,989,810,4012,1353,18610,111062,16722,55111,3396,,3720,500,8477,10268,5625,792,28976,1608,8590,4353,589,1756,10893,524,12487,55331,5766,563,2374,1763,55489,92556,859,8223,38993,15082,1185,11910,6487,3338,12078,2490,17407,27684,24659,5310,2939,63282,12092,12012,901,1933,20542,1724,1584,58830,1749,488,3572,7230,8047,20999,27427,58013,4818,15049,814,696,6502,1121,978,4355,15105,4405,15125,3943,985,963,3225,14597,55753,2459,6863,2082,2887,3869,4462,631,7346,1654,1183